format,crc,fixture,operation,batches,iterations_per_batch,batch_mean_p50_ns,batch_mean_p95_ns,batch_mean_min_ns,batch_mean_max_ns
csv,off,device_info,decode,9,10000,15984.0639,16622.87204,15691.9525,16802.4574
csv,off,device_info,encode,9,10000,403.3201,428.3928,391.8312,436.3858
csv,off,device_info_escaping,decode,9,10000,16162.0614,16366.628,15605.2653,16453.625
csv,off,device_info_escaping,encode,9,10000,426.8408,453.65605999999997,423.5739,456.3893
csv,off,error_response,decode,9,10000,15810.3508,17583.2755,15040.5078,17764.5145
csv,off,error_response,encode,9,10000,386.7107,423.39691999999997,367.986,444.0802
csv,off,get_device_info,decode,9,10000,17262.0417,19692.00192,15551.8979,19735.6838
csv,off,get_device_info,encode,9,10000,342.9301,474.76935999999995,328.1344,525.0214
csv,off,get_health,decode,9,10000,16160.3794,16980.20396,15152.5659,17346.424
csv,off,get_health,encode,9,10000,333.9009,351.94588000000005,317.016,357.035
csv,off,get_status,decode,9,10000,16189.4895,16929.93326,15239.7072,17060.8481
csv,off,get_status,encode,9,10000,327.5775,352.05122,320.0334,363.2341
csv,off,health_publication,decode,9,10000,17107.7418,17956.5308,15676.9647,18104.1574
csv,off,health_publication,encode,9,10000,480.0217,502.29352,461.3192,509.8146
csv,off,health_response,decode,9,10000,17526.8533,18349.017239999997,16297.7116,18583.3268
csv,off,health_response,encode,9,10000,526.5002,568.38004,469.2539,570.544
csv,off,status_publication_fault,decode,9,10000,17719.6339,19843.81162,17280.6496,20629.9235
csv,off,status_publication_fault,encode,9,10000,452.4655,555.05074,412.789,568.7317
csv,off,status_publication_unavailable,decode,9,10000,15758.9572,17180.73954,15430.3162,17801.1249
csv,off,status_publication_unavailable,encode,9,10000,391.8561,432.66002,376.9061,436.2365
csv,off,status_publication_valid,decode,9,10000,16121.1633,16622.72182,15243.7187,16634.4121
csv,off,status_publication_valid,encode,9,10000,429.5286,443.21326,421.0141,445.9889
csv,off,status_publication_zero,decode,9,10000,15742.2842,16621.024820000002,15111.0494,16683.1421
csv,off,status_publication_zero,encode,9,10000,401.3713,623.09668,385.9064,630.649
csv,off,status_response_fault,decode,9,10000,16856.6923,17956.65294,15346.3074,18329.5851
csv,off,status_response_fault,encode,9,10000,476.4098,507.59013999999996,425.2102,509.3083
csv,off,status_response_unavailable,decode,9,10000,16382.1172,17056.44828,15352.7809,17106.5212
csv,off,status_response_unavailable,encode,9,10000,416.121,565.8162799999999,395.9192,639.1936
csv,off,status_response_valid,decode,9,10000,16934.4381,17566.75172,15961.1747,17632.1136
csv,off,status_response_valid,encode,9,10000,496.943,593.88202,450.5126,621.3673
csv,off,status_response_zero,decode,9,10000,15770.4596,16863.50984,15353.8089,17038.6318
csv,off,status_response_zero,encode,9,10000,432.2357,458.05397999999997,407.303,471.4385
csv,on,device_info,decode,9,10000,19795.2984,20303.95072,17384.7701,20418.6758
csv,on,device_info,encode,9,10000,646.2871,828.4032,547.6958,835.6238
csv,on,device_info_escaping,decode,9,10000,16435.4659,17070.94848,15589.5848,17089.3932
csv,on,device_info_escaping,encode,9,10000,648.3912,690.3087,593.5334,696.0203
csv,on,error_response,decode,9,10000,17616.9891,18243.484640000002,16235.0896,18304.574
csv,on,error_response,encode,9,10000,520.3271,748.33798,501.9714,793.3431
csv,on,get_device_info,decode,9,10000,15741.7619,17580.4402,15339.6015,17796.4308
csv,on,get_device_info,encode,9,10000,411.6715,516.8567999999999,406.4988,573.0772
csv,on,get_health,decode,9,10000,16605.171,18166.2765,16037.7648,18486.2853
csv,on,get_health,encode,9,10000,425.7581,480.19074,389.4877,494.9721
csv,on,get_status,decode,9,10000,16110.1286,17277.440459999998,15554.4996,17331.9335
csv,on,get_status,encode,9,10000,407.7703,478.28200000000004,394.8894,480.7268
csv,on,health_publication,decode,9,10000,17235.3506,19847.30376,15977.9185,20342.838
csv,on,health_publication,encode,9,10000,651.5788,1066.65328,562.5536,1093.762
csv,on,health_response,decode,9,10000,16372.9009,17810.76756,15578.953,18085.0956
csv,on,health_response,encode,9,10000,640.6357,1322.46498,615.8462,1443.8017
csv,on,status_publication_fault,decode,9,10000,17700.5895,20550.136019999998,16195.8389,21459.5581
csv,on,status_publication_fault,encode,9,10000,517.0026,595.18436,492.2661,613.8502
csv,on,status_publication_unavailable,decode,9,10000,15982.3166,16642.52352,15532.5181,16783.8072
csv,on,status_publication_unavailable,encode,9,10000,516.9585,666.27424,495.9796,741.8488
csv,on,status_publication_valid,decode,9,10000,15804.7507,16220.43404,15478.7335,16224.1074
csv,on,status_publication_valid,encode,9,10000,560.048,612.67978,539.5077,627.5805
csv,on,status_publication_zero,decode,9,10000,16442.8684,19528.058680000002,15684.8871,20580.0986
csv,on,status_publication_zero,encode,9,10000,552.1823,665.5172,507.7989,688.0684
csv,on,status_response_fault,decode,9,10000,17248.3999,17788.91804,15902.0189,17840.3358
csv,on,status_response_fault,encode,9,10000,572.9409,878.18626,561.9366,957.9149
csv,on,status_response_unavailable,decode,9,10000,16303.2976,19563.95326,15240.5132,21412.3237
csv,on,status_response_unavailable,encode,9,10000,541.722,587.4924,536.8808,593.1688
csv,on,status_response_valid,decode,9,10000,16611.4342,17043.51928,15472.7953,17142.3534
csv,on,status_response_valid,encode,9,10000,609.8249,655.06926,597.9103,663.6511
csv,on,status_response_zero,decode,9,10000,17355.9538,19610.705899999997,15623.043,20154.3871
csv,on,status_response_zero,encode,9,10000,610.8446,663.15474,563.1154,672.7789
json,off,device_info,decode,9,10000,893.7365,1152.06146,842.7805,1254.5701
json,off,device_info,encode,9,10000,441.6987,564.07274,416.0669,626.3697
json,off,device_info_escaping,decode,9,10000,1011.4769,1042.49268,969.5412,1052.0708
json,off,device_info_escaping,encode,9,10000,469.6288,547.40876,449.8116,547.9492
json,off,error_response,decode,9,10000,657.4239,701.6803199999999,655.6474,726.9804
json,off,error_response,encode,9,10000,344.4141,349.30612,341.4167,350.0104
json,off,get_device_info,decode,9,10000,525.5451,711.69904,487.6313,796.2928
json,off,get_device_info,encode,9,10000,247.9963,387.46917999999994,228.4264,428.0079
json,off,get_health,decode,9,10000,463.9714,674.21186,456.6576,675.3367
json,off,get_health,encode,9,10000,229.1004,428.57706,221.8718,428.6383
json,off,get_status,decode,9,10000,528.796,663.5384399999999,465.8402,690.9508
json,off,get_status,encode,9,10000,241.8763,264.88264,228.1691,269.8696
json,off,health_publication,decode,9,10000,807.3724,875.0108,738.9856,878.377
json,off,health_publication,encode,9,10000,322.7614,361.50954,311.9285,374.7891
json,off,health_response,decode,9,10000,926.5762,949.2189599999999,908.9863,959.1732
json,off,health_response,encode,9,10000,414.324,438.55184,409.0492,440.5776
json,off,status_publication_fault,decode,9,10000,591.8805,1147.1404199999997,574.9875,1345.2617
json,off,status_publication_fault,encode,9,10000,273.1482,276.07347999999996,271.0551,276.426
json,off,status_publication_unavailable,decode,9,10000,633.1766,717.14032,579.5938,736.4888
json,off,status_publication_unavailable,encode,9,10000,283.9182,309.1857,276.8258,311.3557
json,off,status_publication_valid,decode,9,10000,739.6215,760.79108,704.7802,768.7524
json,off,status_publication_valid,encode,9,10000,351.0762,392.7702,322.3919,393.692
json,off,status_publication_zero,decode,9,10000,667.186,889.5373,644.7029,968.5239
json,off,status_publication_zero,encode,9,10000,294.1974,365.94129999999996,289.6917,402.7857
json,off,status_response_fault,decode,9,10000,824.083,876.49772,781.0685,896.8942
json,off,status_response_fault,encode,9,10000,382.4635,421.06484,377.9838,432.1676
json,off,status_response_unavailable,decode,9,10000,808.9788,1100.58516,696.2647,1145.5606
json,off,status_response_unavailable,encode,9,10000,410.011,425.01496000000003,357.4986,428.5554
json,off,status_response_valid,decode,9,10000,827.572,879.10678,789.485,896.1511
json,off,status_response_valid,encode,9,10000,410.2584,413.43782,403.9471,413.6013
json,off,status_response_zero,decode,9,10000,885.26,963.2554,840.3509,971.8056
json,off,status_response_zero,encode,9,10000,400.1064,443.55348000000004,387.8233,450.2748
json,on,device_info,decode,9,10000,1241.9845,1317.5098,1214.2508,1323.098
json,on,device_info,encode,9,10000,873.9458,950.15054,872.103,987.2505
json,on,device_info_escaping,decode,9,10000,1466.7765,1491.17614,1422.5304,1495.2045
json,on,device_info_escaping,encode,9,10000,935.5144,936.9595,931.7699,937.0877
json,on,error_response,decode,9,10000,1066.6392,1216.0567199999998,1025.4204,1263.1016
json,on,error_response,encode,9,10000,752.5285,811.5695,715.1615,816.8673
json,on,get_device_info,decode,9,10000,796.5554,831.06336,741.0025,836.384
json,on,get_device_info,encode,9,10000,546.3819,578.8937000000001,515.24,581.0469
json,on,get_health,decode,9,10000,735.3603,757.1223,705.9779,760.6435
json,on,get_health,encode,9,10000,521.2458,746.7583999999999,485.7906,858.3524
json,on,get_status,decode,9,10000,770.5762,863.70812,732.0985,880.1816
json,on,get_status,encode,9,10000,543.7621,810.4284799999999,501.1072,874.319
json,on,health_publication,decode,9,10000,1480.4397,1655.6351399999999,1383.0042,1692.2767
json,on,health_publication,encode,9,10000,996.6241,1111.6492600000001,917.799,1122.9191
json,on,health_response,decode,9,10000,1475.1891,1547.15928,1453.2878,1565.413
json,on,health_response,encode,9,10000,1002.2134,1214.1597599999998,978.9731,1334.4938
json,on,status_publication_fault,decode,9,10000,1079.6845,1180.5392,1002.8253,1194.3684
json,on,status_publication_fault,encode,9,10000,713.3168,848.539,640.3122,866.201
json,on,status_publication_unavailable,decode,9,10000,944.5373,1211.224,898.4444,1292.7974
json,on,status_publication_unavailable,encode,9,10000,622.4999,863.5207799999998,608.8178,994.5009
json,on,status_publication_valid,decode,9,10000,1138.5591,1250.1927600000001,1059.5658,1286.2206
json,on,status_publication_valid,encode,9,10000,749.8185,770.29782,717.9826,772.5379
json,on,status_publication_zero,decode,9,10000,1088.6187,1228.19608,1041.4682,1266.9604
json,on,status_publication_zero,encode,9,10000,726.37,767.87342,686.0597,772.5551
json,on,status_response_fault,decode,9,10000,1285.2813,1526.42212,1220.5499,1527.0054
json,on,status_response_fault,encode,9,10000,882.9206,1159.65188,843.9743,1263.0646
json,on,status_response_unavailable,decode,9,10000,1146.5391,1293.54356,1107.2662,1364.8386
json,on,status_response_unavailable,encode,9,10000,800.6805,815.2926600000001,780.4567,816.4347
json,on,status_response_valid,decode,9,10000,1357.4526,1555.38252,1271.7083,1588.8394
json,on,status_response_valid,encode,9,10000,963.358,1040.49912,914.9157,1061.9764
json,on,status_response_zero,decode,9,10000,1385.3957,1721.1389599999998,1293.0697,1899.4274
json,on,status_response_zero,encode,9,10000,959.5279,1058.5358999999999,891.7276,1083.6643
protobuf,off,device_info,decode,9,10000,190.1841,217.26488,183.8689,222.9164
protobuf,off,device_info,encode,9,10000,100.1365,106.12874,99.6298,106.9435
protobuf,off,device_info_escaping,decode,9,10000,206.1878,255.04111999999998,186.733,273.532
protobuf,off,device_info_escaping,encode,9,10000,110.9634,132.10793999999999,104.4058,144.7067
protobuf,off,error_response,decode,9,10000,191.4217,242.9445,180.4704,272.4673
protobuf,off,error_response,encode,9,10000,100.2129,118.35212,97.4389,119.227
protobuf,off,get_device_info,decode,9,10000,137.2592,140.0024,134.2398,141.3572
protobuf,off,get_device_info,encode,9,10000,70.0111,71.07392,68.7563,71.1188
protobuf,off,get_health,decode,9,10000,138.0384,149.88714,135.3374,155.9557
protobuf,off,get_health,encode,9,10000,73.305,79.97659999999999,70.4267,82.139
protobuf,off,get_status,decode,9,10000,139.2522,151.4211,133.4185,152.3365
protobuf,off,get_status,encode,9,10000,70.3056,80.18069999999999,68.6702,86.0157
protobuf,off,health_publication,decode,9,10000,182.5199,195.38938000000002,160.5164,195.9987
protobuf,off,health_publication,encode,9,10000,84.4995,94.43075999999999,79.4651,95.9614
protobuf,off,health_response,decode,9,10000,207.023,229.79354,189.1206,233.0163
protobuf,off,health_response,encode,9,10000,109.4713,122.67949999999999,97.5628,125.6811
protobuf,off,status_publication_fault,decode,9,10000,164.6652,227.85635999999994,152.413,263.9136
protobuf,off,status_publication_fault,encode,9,10000,95.1665,102.84784,78.7442,103.0942
protobuf,off,status_publication_unavailable,decode,9,10000,149.5572,170.30996,144.6049,170.3308
protobuf,off,status_publication_unavailable,encode,9,10000,76.056,90.55188,72.684,96.9016
protobuf,off,status_publication_valid,decode,9,10000,164.3531,203.88774,152.774,206.8417
protobuf,off,status_publication_valid,encode,9,10000,87.3016,162.31727999999998,76.2393,187.5112
protobuf,off,status_publication_zero,decode,9,10000,158.919,209.05929999999998,154.7729,234.7407
protobuf,off,status_publication_zero,encode,9,10000,76.2003,101.4442,74.4807,102.1244
protobuf,off,status_response_fault,decode,9,10000,175.3353,179.4001,172.8857,179.7879
protobuf,off,status_response_fault,encode,9,10000,91.1222,91.94286,90.294,91.9865
protobuf,off,status_response_unavailable,decode,9,10000,199.4127,223.46099999999998,174.6723,224.688
protobuf,off,status_response_unavailable,encode,9,10000,101.0268,124.3652,90.2569,127.9084
protobuf,off,status_response_valid,decode,9,10000,183.8989,251.14952,175.4894,282.9988
protobuf,off,status_response_valid,encode,9,10000,92.9128,107.93154,90.95,111.3129
protobuf,off,status_response_zero,decode,9,10000,188.4796,199.3695,181.6486,201.0171
protobuf,off,status_response_zero,encode,9,10000,97.02,110.39278,91.4678,116.4625
protobuf,on,device_info,decode,9,10000,449.6404,538.40416,347.2956,554.7322
protobuf,on,device_info,encode,9,10000,265.6233,417.59538,261.5182,418.2291
protobuf,on,device_info_escaping,decode,9,10000,363.5866,387.12474000000003,358.8805,387.3675
protobuf,on,device_info_escaping,encode,9,10000,283.2602,311.1695,278.7445,316.7825
protobuf,on,error_response,decode,9,10000,309.2677,359.42446,297.2739,364.7075
protobuf,on,error_response,encode,9,10000,227.0412,312.86356,215.9418,315.3216
protobuf,on,get_device_info,decode,9,10000,220.5048,244.84904,211.6428,260.1632
protobuf,on,get_device_info,encode,9,10000,156.2221,176.43916,150.702,177.2732
protobuf,on,get_health,decode,9,10000,215.1499,222.79578,211.4865,222.9865
protobuf,on,get_health,encode,9,10000,150.3104,152.0251,149.355,152.2883
protobuf,on,get_status,decode,9,10000,214.0731,235.90149999999997,211.1299,249.0837
protobuf,on,get_status,encode,9,10000,150.792,154.48162000000002,148.6739,154.5285
protobuf,on,health_publication,decode,9,10000,280.9138,314.49566,266.9372,319.3965
protobuf,on,health_publication,encode,9,10000,192.132,213.6141,186.4807,218.1985
protobuf,on,health_response,decode,9,10000,336.5047,350.52494,330.4537,357.8301
protobuf,on,health_response,encode,9,10000,248.0614,263.98663999999997,245.14,271.6952
protobuf,on,status_publication_fault,decode,9,10000,248.1165,266.23112,239.1392,266.4114
protobuf,on,status_publication_fault,encode,9,10000,178.2566,196.49562,165.2003,197.9185
protobuf,on,status_publication_unavailable,decode,9,10000,242.9236,302.66444,234.7907,332.4956
protobuf,on,status_publication_unavailable,encode,9,10000,168.6123,183.66842,164.0916,191.7123
protobuf,on,status_publication_valid,decode,9,10000,262.5978,297.12167999999997,258.3836,297.7546
protobuf,on,status_publication_valid,encode,9,10000,188.4256,244.36617999999996,179.6196,267.5431
protobuf,on,status_publication_zero,decode,9,10000,258.8002,328.20743999999996,250.6011,345.4008
protobuf,on,status_publication_zero,encode,9,10000,183.8748,196.62322,179.1229,199.1313
protobuf,on,status_response_fault,decode,9,10000,332.672,341.7074,314.2689,344.163
protobuf,on,status_response_fault,encode,9,10000,239.0942,263.5168,225.9538,264.5828
protobuf,on,status_response_unavailable,decode,9,10000,304.6748,339.10958,297.7776,355.7401
protobuf,on,status_response_unavailable,encode,9,10000,221.8137,227.70041999999998,219.7217,228.8421
protobuf,on,status_response_valid,decode,9,10000,349.3606,381.80922,325.8209,392.3239
protobuf,on,status_response_valid,encode,9,10000,256.9926,288.42211999999995,240.3751,303.407
protobuf,on,status_response_zero,decode,9,10000,325.868,366.67554,320.2017,367.4683
protobuf,on,status_response_zero,encode,9,10000,241.1031,277.12384,236.981,288.9176
