format,crc,fixture,kind,body_bytes,datagram_bytes
csv,off,status_publication_fault,21,50,50
protobuf,off,status_publication_fault,21,44,44
protobuf,off,error_response,14,60,60
protobuf,on,error_response,14,60,68
json,off,status_publication_zero,21,182,182
csv,on,device_info_escaping,11,84,92
json,on,get_status,2,121,129
csv,on,get_device_info,1,36,44
json,off,status_response_unavailable,12,194,194
csv,on,status_publication_fault,21,50,58
csv,on,status_publication_valid,21,54,62
json,on,status_publication_zero,21,182,190
protobuf,off,device_info,11,72,72
json,on,status_response_unavailable,12,194,202
csv,on,health_response,13,68,76
json,off,device_info_escaping,11,226,226
json,on,get_device_info,1,126,134
protobuf,on,status_publication_valid,21,49,57
json,off,status_publication_unavailable,21,156,156
protobuf,off,get_health,3,37,37
csv,off,device_info_escaping,11,84,84
json,on,status_response_valid,12,221,229
json,on,error_response,14,172,180
protobuf,on,status_publication_zero,21,49,57
csv,on,status_publication_unavailable,21,50,58
protobuf,on,status_response_valid,12,67,75
json,on,status_publication_valid,21,183,191
protobuf,off,health_publication,22,50,50
csv,off,get_device_info,1,36,36
protobuf,on,device_info,11,72,80
csv,on,device_info,11,71,79
csv,on,health_publication,22,52,60
csv,on,status_response_unavailable,12,66,74
protobuf,on,status_response_unavailable,12,62,70
csv,off,status_publication_zero,21,53,53
protobuf,off,status_response_zero,12,67,67
csv,off,status_response_zero,12,69,69
json,off,health_publication,22,222,222
protobuf,off,get_status,2,37,37
csv,off,status_publication_valid,21,54,54
csv,off,status_publication_unavailable,21,50,50
protobuf,off,status_publication_zero,21,49,49
protobuf,on,device_info_escaping,11,81,89
csv,off,status_response_fault,12,66,66
json,off,device_info,11,214,214
protobuf,off,status_response_unavailable,12,62,62
json,on,status_response_fault,12,194,202
csv,off,status_response_valid,12,70,70
json,on,status_publication_fault,21,156,164
protobuf,off,get_device_info,1,37,37
json,on,health_response,13,260,268
json,on,get_health,3,121,129
json,off,status_response_zero,12,220,220
protobuf,on,health_publication,22,50,58
json,off,status_publication_valid,21,183,183
json,off,status_response_fault,12,194,194
csv,off,get_status,2,36,36
protobuf,on,status_publication_unavailable,21,44,52
csv,off,health_response,13,68,68
csv,off,health_publication,22,52,52
json,off,status_publication_fault,21,156,156
json,off,error_response,14,172,172
protobuf,on,get_status,2,37,45
json,on,device_info_escaping,11,226,234
json,on,device_info,11,214,222
protobuf,off,status_response_fault,12,62,62
json,off,status_response_valid,12,221,221
protobuf,on,get_health,3,37,45
csv,off,error_response,14,60,60
protobuf,on,get_device_info,1,37,45
csv,off,get_health,3,36,36
protobuf,on,status_response_fault,12,62,70
protobuf,off,health_response,13,68,68
json,off,get_status,2,121,121
csv,on,error_response,14,60,68
protobuf,off,status_publication_unavailable,21,44,44
csv,on,status_response_valid,12,70,78
json,off,health_response,13,260,260
csv,on,get_status,2,36,44
protobuf,on,health_response,13,68,76
protobuf,on,status_response_zero,12,67,75
csv,off,device_info,11,71,71
protobuf,off,device_info_escaping,11,81,81
json,on,status_response_zero,12,220,228
json,on,health_publication,22,222,230
csv,off,status_response_unavailable,12,66,66
json,on,status_publication_unavailable,21,156,164
csv,on,get_health,3,36,44
protobuf,off,status_publication_valid,21,49,49
protobuf,on,status_publication_fault,21,44,52
json,off,get_device_info,1,126,126
csv,on,status_response_fault,12,66,74
json,off,get_health,3,121,121
csv,on,status_publication_zero,21,53,61
csv,on,status_response_zero,12,69,77
protobuf,off,status_response_valid,12,67,67
