comparison_id,mode,format,crc,instrumented,duration_seconds,role,kind,count,body_min_bytes,body_max_bytes,body_mean_bytes,datagram_min_bytes,datagram_max_bytes,datagram_mean_bytes
88353af2b7574e67,host,json,off,False,60.0,client,1,20,127,127,127.0,127,127,127.0
88353af2b7574e67,host,json,off,False,60.0,client,2,20,122,122,122.0,122,122,122.0
88353af2b7574e67,host,json,off,False,60.0,client,3,20,122,122,122.0,122,122,122.0
88353af2b7574e67,host,json,off,False,60.0,client,11,20,220,220,220.0,220,220,220.0
88353af2b7574e67,host,json,off,False,60.0,client,12,20,222,222,222.0,222,222,222.0
88353af2b7574e67,host,json,off,False,60.0,client,13,20,262,262,262.0,262,262,262.0
88353af2b7574e67,host,json,off,False,60.0,listener1,21,600,185,185,185.0,185,185,185.0
88353af2b7574e67,host,json,off,False,60.0,listener1,22,60,224,224,224.0,224,224,224.0
88353af2b7574e67,host,json,off,False,60.0,listener2,21,600,185,185,185.0,185,185,185.0
88353af2b7574e67,host,json,off,False,60.0,listener2,22,60,224,224,224.0,224,224,224.0
88353af2b7574e67,host,json,off,False,60.0,responder,21,600,185,185,185.0,185,185,185.0
88353af2b7574e67,host,json,off,False,60.0,responder,22,60,224,224,224.0,224,224,224.0
29aa500059897e9c,host,csv,off,False,60.0,client,1,20,37,37,37.0,37,37,37.0
29aa500059897e9c,host,csv,off,False,60.0,client,2,20,37,37,37.0,37,37,37.0
29aa500059897e9c,host,csv,off,False,60.0,client,3,20,37,37,37.0,37,37,37.0
29aa500059897e9c,host,csv,off,False,60.0,client,11,20,77,77,77.0,77,77,77.0
29aa500059897e9c,host,csv,off,False,60.0,client,12,20,71,71,71.0,71,71,71.0
29aa500059897e9c,host,csv,off,False,60.0,client,13,20,70,70,70.0,70,70,70.0
29aa500059897e9c,host,csv,off,False,60.0,listener1,21,600,56,56,56.0,56,56,56.0
29aa500059897e9c,host,csv,off,False,60.0,listener1,22,60,54,54,54.0,54,54,54.0
29aa500059897e9c,host,csv,off,False,60.0,listener2,21,600,56,56,56.0,56,56,56.0
29aa500059897e9c,host,csv,off,False,60.0,listener2,22,60,54,54,54.0,54,54,54.0
29aa500059897e9c,host,csv,off,False,60.0,responder,21,600,56,56,56.0,56,56,56.0
29aa500059897e9c,host,csv,off,False,60.0,responder,22,60,54,54,54.0,54,54,54.0
81bc63cc2a1d0822,host,json,on,False,60.0,client,1,20,127,127,127.0,135,135,135.0
81bc63cc2a1d0822,host,json,on,False,60.0,client,2,20,122,122,122.0,130,130,130.0
81bc63cc2a1d0822,host,json,on,False,60.0,client,3,20,122,122,122.0,130,130,130.0
81bc63cc2a1d0822,host,json,on,False,60.0,client,11,20,220,220,220.0,228,228,228.0
81bc63cc2a1d0822,host,json,on,False,60.0,client,12,20,222,222,222.0,230,230,230.0
81bc63cc2a1d0822,host,json,on,False,60.0,client,13,20,262,262,262.0,270,270,270.0
81bc63cc2a1d0822,host,json,on,False,60.0,listener1,21,600,185,185,185.0,193,193,193.0
81bc63cc2a1d0822,host,json,on,False,60.0,listener1,22,60,224,224,224.0,232,232,232.0
81bc63cc2a1d0822,host,json,on,False,60.0,listener2,21,600,185,185,185.0,193,193,193.0
81bc63cc2a1d0822,host,json,on,False,60.0,listener2,22,60,224,224,224.0,232,232,232.0
81bc63cc2a1d0822,host,json,on,False,60.0,responder,21,600,185,185,185.0,193,193,193.0
81bc63cc2a1d0822,host,json,on,False,60.0,responder,22,60,224,224,224.0,232,232,232.0
33395d65527e7608,host,protobuf,on,False,60.0,client,1,20,37,37,37.0,45,45,45.0
33395d65527e7608,host,protobuf,on,False,60.0,client,2,20,37,37,37.0,45,45,45.0
33395d65527e7608,host,protobuf,on,False,60.0,client,3,20,37,37,37.0,45,45,45.0
33395d65527e7608,host,protobuf,on,False,60.0,client,11,20,77,78,77.85,85,86,85.85
33395d65527e7608,host,protobuf,on,False,60.0,client,12,20,67,68,67.9,75,76,75.9
33395d65527e7608,host,protobuf,on,False,60.0,client,13,20,68,69,68.9,76,77,76.9
33395d65527e7608,host,protobuf,on,False,60.0,listener1,21,600,49,51,50.848333333333336,57,59,58.848333333333336
33395d65527e7608,host,protobuf,on,False,60.0,listener1,22,60,50,51,50.9,58,59,58.9
33395d65527e7608,host,protobuf,on,False,60.0,listener2,21,600,49,51,50.848333333333336,57,59,58.848333333333336
33395d65527e7608,host,protobuf,on,False,60.0,listener2,22,60,50,51,50.9,58,59,58.9
33395d65527e7608,host,protobuf,on,False,60.0,responder,21,600,49,51,50.848333333333336,57,59,58.848333333333336
33395d65527e7608,host,protobuf,on,False,60.0,responder,22,60,50,51,50.9,58,59,58.9
98e94d2bdfac50f0,host,csv,on,False,60.0,client,1,20,37,37,37.0,45,45,45.0
98e94d2bdfac50f0,host,csv,on,False,60.0,client,2,20,37,37,37.0,45,45,45.0
98e94d2bdfac50f0,host,csv,on,False,60.0,client,3,20,37,37,37.0,45,45,45.0
98e94d2bdfac50f0,host,csv,on,False,60.0,client,11,20,77,77,77.0,85,85,85.0
98e94d2bdfac50f0,host,csv,on,False,60.0,client,12,20,71,71,71.0,79,79,79.0
98e94d2bdfac50f0,host,csv,on,False,60.0,client,13,20,70,70,70.0,78,78,78.0
98e94d2bdfac50f0,host,csv,on,False,60.0,listener1,21,600,56,56,56.0,64,64,64.0
98e94d2bdfac50f0,host,csv,on,False,60.0,listener1,22,60,54,54,54.0,62,62,62.0
98e94d2bdfac50f0,host,csv,on,False,60.0,listener2,21,600,56,56,56.0,64,64,64.0
98e94d2bdfac50f0,host,csv,on,False,60.0,listener2,22,60,54,54,54.0,62,62,62.0
98e94d2bdfac50f0,host,csv,on,False,60.0,responder,21,600,56,56,56.0,64,64,64.0
98e94d2bdfac50f0,host,csv,on,False,60.0,responder,22,60,54,54,54.0,62,62,62.0
580eb0d5e0b22c5a,host,protobuf,off,False,60.0,client,1,20,37,37,37.0,37,37,37.0
580eb0d5e0b22c5a,host,protobuf,off,False,60.0,client,2,20,37,37,37.0,37,37,37.0
580eb0d5e0b22c5a,host,protobuf,off,False,60.0,client,3,20,37,37,37.0,37,37,37.0
580eb0d5e0b22c5a,host,protobuf,off,False,60.0,client,11,20,77,78,77.85,77,78,77.85
580eb0d5e0b22c5a,host,protobuf,off,False,60.0,client,12,20,67,68,67.9,67,68,67.9
580eb0d5e0b22c5a,host,protobuf,off,False,60.0,client,13,20,68,69,68.9,68,69,68.9
580eb0d5e0b22c5a,host,protobuf,off,False,60.0,listener1,21,600,49,51,50.848333333333336,49,51,50.848333333333336
580eb0d5e0b22c5a,host,protobuf,off,False,60.0,listener1,22,60,50,51,50.9,50,51,50.9
580eb0d5e0b22c5a,host,protobuf,off,False,60.0,listener2,21,600,49,51,50.848333333333336,49,51,50.848333333333336
580eb0d5e0b22c5a,host,protobuf,off,False,60.0,listener2,22,60,50,51,50.9,50,51,50.9
580eb0d5e0b22c5a,host,protobuf,off,False,60.0,responder,21,600,49,51,50.848333333333336,49,51,50.848333333333336
580eb0d5e0b22c5a,host,protobuf,off,False,60.0,responder,22,60,50,51,50.9,50,51,50.9
