comparison_id,mode,format,crc,instrumented,duration_seconds,role,boot_id,counter,samples,observed_interval_seconds,first,last,delta,saturated
88353af2b7574e67,host,json,off,False,60.0,client,55b330f4133af2d1,received_requests,20,56.99973001900315,13,70,57,False
88353af2b7574e67,host,json,off,False,60.0,client,55b330f4133af2d1,rejected_datagrams,20,56.99973001900315,0,0,0,False
88353af2b7574e67,host,json,off,False,60.0,client,55b330f4133af2d1,send_errors,20,56.99973001900315,0,0,0,False
88353af2b7574e67,host,json,off,False,60.0,client,55b330f4133af2d1,skipped_publications,20,56.99973001900315,0,0,0,False
88353af2b7574e67,host,json,off,False,60.0,listener1,55b330f4133af2d1,received_requests,60,59.00032374300063,11,70,59,False
88353af2b7574e67,host,json,off,False,60.0,listener1,55b330f4133af2d1,rejected_datagrams,60,59.00032374300063,0,0,0,False
88353af2b7574e67,host,json,off,False,60.0,listener1,55b330f4133af2d1,send_errors,60,59.00032374300063,0,0,0,False
88353af2b7574e67,host,json,off,False,60.0,listener1,55b330f4133af2d1,skipped_publications,60,59.00032374300063,0,0,0,False
88353af2b7574e67,host,json,off,False,60.0,listener2,55b330f4133af2d1,received_requests,60,59.000320363000036,11,70,59,False
88353af2b7574e67,host,json,off,False,60.0,listener2,55b330f4133af2d1,rejected_datagrams,60,59.000320363000036,0,0,0,False
88353af2b7574e67,host,json,off,False,60.0,listener2,55b330f4133af2d1,send_errors,60,59.000320363000036,0,0,0,False
88353af2b7574e67,host,json,off,False,60.0,listener2,55b330f4133af2d1,skipped_publications,60,59.000320363000036,0,0,0,False
29aa500059897e9c,host,csv,off,False,60.0,client,6edf92a0aad16bb9,received_requests,20,57.00004729700088,13,70,57,False
29aa500059897e9c,host,csv,off,False,60.0,client,6edf92a0aad16bb9,rejected_datagrams,20,57.00004729700088,0,0,0,False
29aa500059897e9c,host,csv,off,False,60.0,client,6edf92a0aad16bb9,send_errors,20,57.00004729700088,0,0,0,False
29aa500059897e9c,host,csv,off,False,60.0,client,6edf92a0aad16bb9,skipped_publications,20,57.00004729700088,0,0,0,False
29aa500059897e9c,host,csv,off,False,60.0,listener1,6edf92a0aad16bb9,received_requests,60,58.999969654999674,11,70,59,False
29aa500059897e9c,host,csv,off,False,60.0,listener1,6edf92a0aad16bb9,rejected_datagrams,60,58.999969654999674,0,0,0,False
29aa500059897e9c,host,csv,off,False,60.0,listener1,6edf92a0aad16bb9,send_errors,60,58.999969654999674,0,0,0,False
29aa500059897e9c,host,csv,off,False,60.0,listener1,6edf92a0aad16bb9,skipped_publications,60,58.999969654999674,0,0,0,False
29aa500059897e9c,host,csv,off,False,60.0,listener2,6edf92a0aad16bb9,received_requests,60,58.99986038399488,11,70,59,False
29aa500059897e9c,host,csv,off,False,60.0,listener2,6edf92a0aad16bb9,rejected_datagrams,60,58.99986038399488,0,0,0,False
29aa500059897e9c,host,csv,off,False,60.0,listener2,6edf92a0aad16bb9,send_errors,60,58.99986038399488,0,0,0,False
29aa500059897e9c,host,csv,off,False,60.0,listener2,6edf92a0aad16bb9,skipped_publications,60,58.99986038399488,0,0,0,False
81bc63cc2a1d0822,host,json,on,False,60.0,client,f12b45c27affe828,received_requests,20,56.99982177899778,13,70,57,False
81bc63cc2a1d0822,host,json,on,False,60.0,client,f12b45c27affe828,rejected_datagrams,20,56.99982177899778,0,0,0,False
81bc63cc2a1d0822,host,json,on,False,60.0,client,f12b45c27affe828,send_errors,20,56.99982177899778,0,0,0,False
81bc63cc2a1d0822,host,json,on,False,60.0,client,f12b45c27affe828,skipped_publications,20,56.99982177899778,0,0,0,False
81bc63cc2a1d0822,host,json,on,False,60.0,listener1,f12b45c27affe828,received_requests,60,58.99978653600067,11,70,59,False
81bc63cc2a1d0822,host,json,on,False,60.0,listener1,f12b45c27affe828,rejected_datagrams,60,58.99978653600067,0,0,0,False
81bc63cc2a1d0822,host,json,on,False,60.0,listener1,f12b45c27affe828,send_errors,60,58.99978653600067,0,0,0,False
81bc63cc2a1d0822,host,json,on,False,60.0,listener1,f12b45c27affe828,skipped_publications,60,58.99978653600067,0,0,0,False
81bc63cc2a1d0822,host,json,on,False,60.0,listener2,f12b45c27affe828,received_requests,60,58.9997494449988,11,70,59,False
81bc63cc2a1d0822,host,json,on,False,60.0,listener2,f12b45c27affe828,rejected_datagrams,60,58.9997494449988,0,0,0,False
81bc63cc2a1d0822,host,json,on,False,60.0,listener2,f12b45c27affe828,send_errors,60,58.9997494449988,0,0,0,False
81bc63cc2a1d0822,host,json,on,False,60.0,listener2,f12b45c27affe828,skipped_publications,60,58.9997494449988,0,0,0,False
33395d65527e7608,host,protobuf,on,False,60.0,client,7dff87a1b6aaa549,received_requests,20,57.000057792000476,13,70,57,False
33395d65527e7608,host,protobuf,on,False,60.0,client,7dff87a1b6aaa549,rejected_datagrams,20,57.000057792000476,0,0,0,False
33395d65527e7608,host,protobuf,on,False,60.0,client,7dff87a1b6aaa549,send_errors,20,57.000057792000476,0,0,0,False
33395d65527e7608,host,protobuf,on,False,60.0,client,7dff87a1b6aaa549,skipped_publications,20,57.000057792000476,0,0,0,False
33395d65527e7608,host,protobuf,on,False,60.0,listener1,7dff87a1b6aaa549,received_requests,60,59.0013538049981,11,70,59,False
33395d65527e7608,host,protobuf,on,False,60.0,listener1,7dff87a1b6aaa549,rejected_datagrams,60,59.0013538049981,0,0,0,False
33395d65527e7608,host,protobuf,on,False,60.0,listener1,7dff87a1b6aaa549,send_errors,60,59.0013538049981,0,0,0,False
33395d65527e7608,host,protobuf,on,False,60.0,listener1,7dff87a1b6aaa549,skipped_publications,60,59.0013538049981,0,0,0,False
33395d65527e7608,host,protobuf,on,False,60.0,listener2,7dff87a1b6aaa549,received_requests,60,58.99967163399607,11,70,59,False
33395d65527e7608,host,protobuf,on,False,60.0,listener2,7dff87a1b6aaa549,rejected_datagrams,60,58.99967163399607,0,0,0,False
33395d65527e7608,host,protobuf,on,False,60.0,listener2,7dff87a1b6aaa549,send_errors,60,58.99967163399607,0,0,0,False
33395d65527e7608,host,protobuf,on,False,60.0,listener2,7dff87a1b6aaa549,skipped_publications,60,58.99967163399607,0,0,0,False
98e94d2bdfac50f0,host,csv,on,False,60.0,client,b6ddc7ad5337ac0e,received_requests,20,57.000018146000805,13,70,57,False
98e94d2bdfac50f0,host,csv,on,False,60.0,client,b6ddc7ad5337ac0e,rejected_datagrams,20,57.000018146000805,0,0,0,False
98e94d2bdfac50f0,host,csv,on,False,60.0,client,b6ddc7ad5337ac0e,send_errors,20,57.000018146000805,0,0,0,False
98e94d2bdfac50f0,host,csv,on,False,60.0,client,b6ddc7ad5337ac0e,skipped_publications,20,57.000018146000805,0,0,0,False
98e94d2bdfac50f0,host,csv,on,False,60.0,listener1,b6ddc7ad5337ac0e,received_requests,60,58.999898001998666,11,70,59,False
98e94d2bdfac50f0,host,csv,on,False,60.0,listener1,b6ddc7ad5337ac0e,rejected_datagrams,60,58.999898001998666,0,0,0,False
98e94d2bdfac50f0,host,csv,on,False,60.0,listener1,b6ddc7ad5337ac0e,send_errors,60,58.999898001998666,0,0,0,False
98e94d2bdfac50f0,host,csv,on,False,60.0,listener1,b6ddc7ad5337ac0e,skipped_publications,60,58.999898001998666,0,0,0,False
98e94d2bdfac50f0,host,csv,on,False,60.0,listener2,b6ddc7ad5337ac0e,received_requests,60,59.000278265997764,11,70,59,False
98e94d2bdfac50f0,host,csv,on,False,60.0,listener2,b6ddc7ad5337ac0e,rejected_datagrams,60,59.000278265997764,0,0,0,False
98e94d2bdfac50f0,host,csv,on,False,60.0,listener2,b6ddc7ad5337ac0e,send_errors,60,59.000278265997764,0,0,0,False
98e94d2bdfac50f0,host,csv,on,False,60.0,listener2,b6ddc7ad5337ac0e,skipped_publications,60,59.000278265997764,0,0,0,False
580eb0d5e0b22c5a,host,protobuf,off,False,60.0,client,04c16542cb520e72,received_requests,20,57.00009389699996,13,70,57,False
580eb0d5e0b22c5a,host,protobuf,off,False,60.0,client,04c16542cb520e72,rejected_datagrams,20,57.00009389699996,0,0,0,False
580eb0d5e0b22c5a,host,protobuf,off,False,60.0,client,04c16542cb520e72,send_errors,20,57.00009389699996,0,0,0,False
580eb0d5e0b22c5a,host,protobuf,off,False,60.0,client,04c16542cb520e72,skipped_publications,20,57.00009389699996,0,0,0,False
580eb0d5e0b22c5a,host,protobuf,off,False,60.0,listener1,04c16542cb520e72,received_requests,60,59.00042401900142,11,70,59,False
580eb0d5e0b22c5a,host,protobuf,off,False,60.0,listener1,04c16542cb520e72,rejected_datagrams,60,59.00042401900142,0,0,0,False
580eb0d5e0b22c5a,host,protobuf,off,False,60.0,listener1,04c16542cb520e72,send_errors,60,59.00042401900142,0,0,0,False
580eb0d5e0b22c5a,host,protobuf,off,False,60.0,listener1,04c16542cb520e72,skipped_publications,60,59.00042401900142,0,0,0,False
580eb0d5e0b22c5a,host,protobuf,off,False,60.0,listener2,04c16542cb520e72,received_requests,60,59.00039870099723,11,70,59,False
580eb0d5e0b22c5a,host,protobuf,off,False,60.0,listener2,04c16542cb520e72,rejected_datagrams,60,59.00039870099723,0,0,0,False
580eb0d5e0b22c5a,host,protobuf,off,False,60.0,listener2,04c16542cb520e72,send_errors,60,59.00039870099723,0,0,0,False
580eb0d5e0b22c5a,host,protobuf,off,False,60.0,listener2,04c16542cb520e72,skipped_publications,60,59.00039870099723,0,0,0,False
