comparison_id,mode,format,crc,instrumented,duration_seconds,client_session,request_id,kind,sent_offset_seconds,request_datagram_bytes,outcome,rtt_ms,response_datagram_bytes
88353af2b7574e67,host,json,off,False,60.0,1d098242802c0c16,11,1,0.00032682199776172636,127,accepted_response,0.1972499958355911,220
88353af2b7574e67,host,json,off,False,60.0,1d098242802c0c16,12,2,1.0002928090021015,122,accepted_response,0.2412350004306063,222
88353af2b7574e67,host,json,off,False,60.0,1d098242802c0c16,13,3,2.0005938720032574,122,accepted_response,0.24721500085433945,262
88353af2b7574e67,host,json,off,False,60.0,1d098242802c0c16,14,1,3.000500900000334,127,accepted_response,0.3761139960261062,220
88353af2b7574e67,host,json,off,False,60.0,1d098242802c0c16,15,2,4.000361491002143,122,accepted_response,0.2884249988710508,222
88353af2b7574e67,host,json,off,False,60.0,1d098242802c0c16,16,3,5.000580421999097,122,accepted_response,0.2670230023795739,262
88353af2b7574e67,host,json,off,False,60.0,1d098242802c0c16,17,1,6.000507489003241,127,accepted_response,0.37395099934656173,220
88353af2b7574e67,host,json,off,False,60.0,1d098242802c0c16,18,2,7.000351611003279,122,accepted_response,0.2698280004551634,222
88353af2b7574e67,host,json,off,False,60.0,1d098242802c0c16,19,3,8.00040652000159,122,accepted_response,0.2787199991871603,262
88353af2b7574e67,host,json,off,False,60.0,1d098242802c0c16,20,1,9.00033960299939,127,accepted_response,0.32036199991125613,220
88353af2b7574e67,host,json,off,False,60.0,1d098242802c0c16,21,2,10.000402332998812,122,accepted_response,0.2723809957387857,222
88353af2b7574e67,host,json,off,False,60.0,1d098242802c0c16,22,3,11.000278291001916,122,accepted_response,0.2444199999445118,262
88353af2b7574e67,host,json,off,False,60.0,1d098242802c0c16,23,1,12.000408257998526,127,accepted_response,0.2540140048949979,220
88353af2b7574e67,host,json,off,False,60.0,1d098242802c0c16,24,2,13.000327693998814,122,accepted_response,0.28621200181078166,222
88353af2b7574e67,host,json,off,False,60.0,1d098242802c0c16,25,3,14.00033523800224,122,accepted_response,0.21886199829168618,262
88353af2b7574e67,host,json,off,False,60.0,1d098242802c0c16,26,1,15.000273184001445,127,accepted_response,0.22927799727767706,220
88353af2b7574e67,host,json,off,False,60.0,1d098242802c0c16,27,2,16.000366659998893,122,accepted_response,0.27846000011777505,222
88353af2b7574e67,host,json,off,False,60.0,1d098242802c0c16,28,3,17.000401488997042,122,accepted_response,0.27843999851029366,262
88353af2b7574e67,host,json,off,False,60.0,1d098242802c0c16,29,1,18.000280258998274,127,accepted_response,0.225342002522666,220
88353af2b7574e67,host,json,off,False,60.0,1d098242802c0c16,30,2,19.000350792996585,122,accepted_response,0.23392400180455297,222
88353af2b7574e67,host,json,off,False,60.0,1d098242802c0c16,31,3,20.000393063999713,122,accepted_response,0.26049400185002014,262
88353af2b7574e67,host,json,off,False,60.0,1d098242802c0c16,32,1,21.000410999000074,127,accepted_response,0.3745520007214509,220
88353af2b7574e67,host,json,off,False,60.0,1d098242802c0c16,33,2,22.00040450900048,122,accepted_response,0.2771180006675422,222
88353af2b7574e67,host,json,off,False,60.0,1d098242802c0c16,34,3,23.00035531000048,122,accepted_response,0.36043100408278406,262
88353af2b7574e67,host,json,off,False,60.0,1d098242802c0c16,35,1,24.000394426003098,127,accepted_response,0.25954200100386515,220
88353af2b7574e67,host,json,off,False,60.0,1d098242802c0c16,36,2,25.000318779997528,122,accepted_response,0.27564600168261677,222
88353af2b7574e67,host,json,off,False,60.0,1d098242802c0c16,37,3,26.000395126998423,122,accepted_response,0.2776889959932305,262
88353af2b7574e67,host,json,off,False,60.0,1d098242802c0c16,38,1,27.000469122998418,127,accepted_response,0.280873995507136,220
88353af2b7574e67,host,json,off,False,60.0,1d098242802c0c16,39,2,28.00031970000267,122,accepted_response,0.2608939976198599,222
88353af2b7574e67,host,json,off,False,60.0,1d098242802c0c16,40,3,29.000698202997444,122,accepted_response,0.5576719995588064,262
88353af2b7574e67,host,json,off,False,60.0,1d098242802c0c16,41,1,30.000324143998323,127,accepted_response,0.2876539947465062,220
88353af2b7574e67,host,json,off,False,60.0,1d098242802c0c16,42,2,31.000392165996136,122,accepted_response,0.2544939998188056,222
88353af2b7574e67,host,json,off,False,60.0,1d098242802c0c16,43,3,32.00051125600189,122,accepted_response,0.4536380001809448,262
88353af2b7574e67,host,json,off,False,60.0,1d098242802c0c16,44,1,33.000405764997005,127,accepted_response,0.2604140026960522,220
88353af2b7574e67,host,json,off,False,60.0,1d098242802c0c16,45,2,34.000317965999244,122,accepted_response,0.29586600430775434,222
88353af2b7574e67,host,json,off,False,60.0,1d098242802c0c16,46,3,35.000531361997126,122,accepted_response,0.34123300429200754,262
88353af2b7574e67,host,json,off,False,60.0,1d098242802c0c16,47,1,36.00035599400103,127,accepted_response,0.26047400024253875,220
88353af2b7574e67,host,json,off,False,60.0,1d098242802c0c16,48,2,37.00038940399885,122,accepted_response,0.257147999946028,222
88353af2b7574e67,host,json,off,False,60.0,1d098242802c0c16,49,3,38.00034104699642,122,accepted_response,0.2768180056591518,262
88353af2b7574e67,host,json,off,False,60.0,1d098242802c0c16,50,1,39.00052711399645,127,accepted_response,0.3652479936135933,220
88353af2b7574e67,host,json,off,False,60.0,1d098242802c0c16,51,2,40.0003240680024,122,accepted_response,0.2508589968783781,222
88353af2b7574e67,host,json,off,False,60.0,1d098242802c0c16,52,3,41.00039439500123,122,accepted_response,0.46799000119790435,262
88353af2b7574e67,host,json,off,False,60.0,1d098242802c0c16,53,1,42.000344200000164,127,accepted_response,0.2771789950202219,220
88353af2b7574e67,host,json,off,False,60.0,1d098242802c0c16,54,2,43.00043679899722,122,accepted_response,0.46788900363026187,222
88353af2b7574e67,host,json,off,False,60.0,1d098242802c0c16,55,3,44.000324730999765,122,accepted_response,0.33618599991314113,262
88353af2b7574e67,host,json,off,False,60.0,1d098242802c0c16,56,1,45.00039386700094,127,accepted_response,0.25565600662957877,220
88353af2b7574e67,host,json,off,False,60.0,1d098242802c0c16,57,2,46.00034294299781,122,accepted_response,0.2608249997138046,222
88353af2b7574e67,host,json,off,False,60.0,1d098242802c0c16,58,3,47.00053230199963,122,accepted_response,0.40823100425768644,262
88353af2b7574e67,host,json,off,False,60.0,1d098242802c0c16,59,1,48.000311711996794,127,accepted_response,0.2752349973889068,220
88353af2b7574e67,host,json,off,False,60.0,1d098242802c0c16,60,2,49.00034281300008,122,accepted_response,0.25710900081321597,222
88353af2b7574e67,host,json,off,False,60.0,1d098242802c0c16,61,3,50.000536112003026,122,accepted_response,0.3282839970779605,262
88353af2b7574e67,host,json,off,False,60.0,1d098242802c0c16,62,1,51.00035755199939,127,accepted_response,0.265310998656787,220
88353af2b7574e67,host,json,off,False,60.0,1d098242802c0c16,63,2,52.0003641590029,122,accepted_response,0.22097500186646357,222
88353af2b7574e67,host,json,off,False,60.0,1d098242802c0c16,64,3,53.00029669199884,122,accepted_response,0.20758600294357166,262
88353af2b7574e67,host,json,off,False,60.0,1d098242802c0c16,65,1,54.00036943499744,127,accepted_response,0.2561169967520982,220
88353af2b7574e67,host,json,off,False,60.0,1d098242802c0c16,66,2,55.000338045999406,122,accepted_response,0.3561340054147877,222
88353af2b7574e67,host,json,off,False,60.0,1d098242802c0c16,67,3,56.00039676799625,122,accepted_response,0.39454099896829575,262
88353af2b7574e67,host,json,off,False,60.0,1d098242802c0c16,68,1,57.00037884800136,127,accepted_response,0.24434999795630574,220
88353af2b7574e67,host,json,off,False,60.0,1d098242802c0c16,69,2,58.00055474899709,122,accepted_response,0.589457995374687,222
88353af2b7574e67,host,json,off,False,60.0,1d098242802c0c16,70,3,59.00028561399877,122,accepted_response,0.20913800108246505,262
29aa500059897e9c,host,csv,off,False,60.0,78266595330c9751,11,1,0.00022088499367237092,37,accepted_response,0.19655999494716525,77
29aa500059897e9c,host,csv,off,False,60.0,78266595330c9751,12,2,1.0003502849936485,37,accepted_response,0.24937700072769076,71
29aa500059897e9c,host,csv,off,False,60.0,78266595330c9751,13,3,2.0002945539951322,37,accepted_response,0.2479250033502467,70
29aa500059897e9c,host,csv,off,False,60.0,78266595330c9751,14,1,3.000400159999728,37,accepted_response,0.3217639969079755,77
29aa500059897e9c,host,csv,off,False,60.0,78266595330c9751,15,2,4.000379214994609,37,accepted_response,0.2649999951245263,71
29aa500059897e9c,host,csv,off,False,60.0,78266595330c9751,16,3,5.000263348996639,37,accepted_response,0.23717900330666453,70
29aa500059897e9c,host,csv,off,False,60.0,78266595330c9751,17,1,6.000351202994585,37,accepted_response,0.4542189999483526,77
29aa500059897e9c,host,csv,off,False,60.0,78266595330c9751,18,2,7.000510911993683,37,accepted_response,0.31509400287177414,71
29aa500059897e9c,host,csv,off,False,60.0,78266595330c9751,19,3,8.000343823999167,37,accepted_response,0.24367899459321052,70
29aa500059897e9c,host,csv,off,False,60.0,78266595330c9751,20,1,9.000272423997522,37,accepted_response,0.2524519950384274,77
29aa500059897e9c,host,csv,off,False,60.0,78266595330c9751,21,2,10.000357278995216,37,accepted_response,0.24197599850594997,71
29aa500059897e9c,host,csv,off,False,60.0,78266595330c9751,22,3,11.00028910099715,37,accepted_response,0.22723500296706334,70
29aa500059897e9c,host,csv,off,False,60.0,78266595330c9751,23,1,12.00038373799622,37,accepted_response,0.26511000032769516,77
29aa500059897e9c,host,csv,off,False,60.0,78266595330c9751,24,2,13.000282658994198,37,accepted_response,0.25172100140480325,71
29aa500059897e9c,host,csv,off,False,60.0,78266595330c9751,25,3,14.000397080995143,37,accepted_response,0.2671530019142665,70
29aa500059897e9c,host,csv,off,False,60.0,78266595330c9751,26,1,15.000283891998231,37,accepted_response,0.25352400552947074,77
29aa500059897e9c,host,csv,off,False,60.0,78266595330c9751,27,2,16.000346456997097,37,accepted_response,0.2571889999671839,71
29aa500059897e9c,host,csv,off,False,60.0,78266595330c9751,28,3,17.000441474996506,37,accepted_response,0.3335310029797256,70
29aa500059897e9c,host,csv,off,False,60.0,78266595330c9751,29,1,18.000257708996536,37,accepted_response,0.21859199478058144,77
29aa500059897e9c,host,csv,off,False,60.0,78266595330c9751,30,2,19.00033279899508,37,accepted_response,0.24295799812534824,71
29aa500059897e9c,host,csv,off,False,60.0,78266595330c9751,31,3,20.00025584999472,37,accepted_response,0.23337399761658162,70
29aa500059897e9c,host,csv,off,False,60.0,78266595330c9751,32,1,21.000413932994007,37,accepted_response,0.26769500254886225,77
29aa500059897e9c,host,csv,off,False,60.0,78266595330c9751,33,2,22.00029859199375,37,accepted_response,0.28563099476741627,71
29aa500059897e9c,host,csv,off,False,60.0,78266595330c9751,34,3,23.00033607299626,37,accepted_response,0.2350270005990751,70
29aa500059897e9c,host,csv,off,False,60.0,78266595330c9751,35,1,24.000396766997873,37,accepted_response,0.255595994531177,77
29aa500059897e9c,host,csv,off,False,60.0,78266595330c9751,36,2,25.00027933199704,37,accepted_response,0.25426399952266365,71
29aa500059897e9c,host,csv,off,False,60.0,78266595330c9751,37,3,26.000334203995763,37,accepted_response,0.2227180011686869,70
29aa500059897e9c,host,csv,off,False,60.0,78266595330c9751,38,1,27.000384414993228,37,accepted_response,0.2731119966483675,77
29aa500059897e9c,host,csv,off,False,60.0,78266595330c9751,39,2,28.000281053997575,37,accepted_response,0.3351230043335818,71
29aa500059897e9c,host,csv,off,False,60.0,78266595330c9751,40,3,29.00040175399929,37,accepted_response,0.26513999910093844,70
29aa500059897e9c,host,csv,off,False,60.0,78266595330c9751,41,1,30.000315569996832,37,accepted_response,0.3088849989580922,77
29aa500059897e9c,host,csv,off,False,60.0,78266595330c9751,42,2,31.000490185000004,37,accepted_response,0.31964100344339386,71
29aa500059897e9c,host,csv,off,False,60.0,78266595330c9751,43,3,32.00031058499962,37,accepted_response,0.3059610025957227,70
29aa500059897e9c,host,csv,off,False,60.0,78266595330c9751,44,1,33.00029790699482,37,accepted_response,0.27076900005340576,77
29aa500059897e9c,host,csv,off,False,60.0,78266595330c9751,45,2,34.00062266199291,37,accepted_response,0.5792939991806634,71
29aa500059897e9c,host,csv,off,False,60.0,78266595330c9751,46,3,35.00030855000019,37,accepted_response,0.27602699992712587,70
29aa500059897e9c,host,csv,off,False,60.0,78266595330c9751,47,1,36.000452697999776,37,accepted_response,0.2966270039905794,77
29aa500059897e9c,host,csv,off,False,60.0,78266595330c9751,48,2,37.000429449997846,37,accepted_response,0.3032669992535375,71
29aa500059897e9c,host,csv,off,False,60.0,78266595330c9751,49,3,38.00030272899568,37,accepted_response,0.2719000040087849,70
29aa500059897e9c,host,csv,off,False,60.0,78266595330c9751,50,1,39.00036229799688,37,accepted_response,0.2740839991020039,77
29aa500059897e9c,host,csv,off,False,60.0,78266595330c9751,51,2,40.00040464599431,37,accepted_response,0.2788809943012893,71
29aa500059897e9c,host,csv,off,False,60.0,78266595330c9751,52,3,41.000302283994856,37,accepted_response,0.24538100115023553,70
29aa500059897e9c,host,csv,off,False,60.0,78266595330c9751,53,1,42.000654745996,37,accepted_response,0.32925499544944614,77
29aa500059897e9c,host,csv,off,False,60.0,78266595330c9751,54,2,43.00034238499403,37,accepted_response,0.41594299545977265,71
29aa500059897e9c,host,csv,off,False,60.0,78266595330c9751,55,3,44.00035822099447,37,accepted_response,0.3443969981162809,70
29aa500059897e9c,host,csv,off,False,60.0,78266595330c9751,56,1,45.00032749299705,37,accepted_response,0.2976989999297075,77
29aa500059897e9c,host,csv,off,False,60.0,78266595330c9751,57,2,46.000303204,37,accepted_response,0.2734619993134402,71
29aa500059897e9c,host,csv,off,False,60.0,78266595330c9751,58,3,47.000349494993685,37,accepted_response,0.2295380036230199,70
29aa500059897e9c,host,csv,off,False,60.0,78266595330c9751,59,1,48.00039714499563,37,accepted_response,0.28127400582889095,77
29aa500059897e9c,host,csv,off,False,60.0,78266595330c9751,60,2,49.000442782998086,37,accepted_response,0.5149389980942942,71
29aa500059897e9c,host,csv,off,False,60.0,78266595330c9751,61,3,50.00038084699958,37,accepted_response,0.2584710018709302,70
29aa500059897e9c,host,csv,off,False,60.0,78266595330c9751,62,1,51.00033378399908,37,accepted_response,0.30110400257399306,77
29aa500059897e9c,host,csv,off,False,60.0,78266595330c9751,63,2,52.00040272299945,37,accepted_response,0.33546500344527885,71
29aa500059897e9c,host,csv,off,False,60.0,78266595330c9751,64,3,53.0004498699978,37,accepted_response,0.3880459989886731,70
29aa500059897e9c,host,csv,off,False,60.0,78266595330c9751,65,1,54.00027969499678,37,accepted_response,0.24375899374717847,77
29aa500059897e9c,host,csv,off,False,60.0,78266595330c9751,66,2,55.00043190899491,37,accepted_response,0.31296100496547297,71
29aa500059897e9c,host,csv,off,False,60.0,78266595330c9751,67,3,56.0003100399971,37,accepted_response,0.27636700542643666,70
29aa500059897e9c,host,csv,off,False,60.0,78266595330c9751,68,1,57.00044002699852,37,accepted_response,0.3147429961245507,77
29aa500059897e9c,host,csv,off,False,60.0,78266595330c9751,69,2,58.00062684199959,37,accepted_response,0.511933998495806,71
29aa500059897e9c,host,csv,off,False,60.0,78266595330c9751,70,3,59.000318867996334,37,accepted_response,0.2794110041577369,70
81bc63cc2a1d0822,host,json,on,False,60.0,19c39522adcecf9a,11,1,0.0006462420001626015,135,accepted_response,0.45386800047708675,228
81bc63cc2a1d0822,host,json,on,False,60.0,19c39522adcecf9a,12,2,1.0005294790044428,130,accepted_response,0.845645998197142,230
81bc63cc2a1d0822,host,json,on,False,60.0,19c39522adcecf9a,13,3,2.0005075519979,130,accepted_response,0.5503799984580837,270
81bc63cc2a1d0822,host,json,on,False,60.0,19c39522adcecf9a,14,1,3.000428442001343,135,accepted_response,0.3620630013756454,228
81bc63cc2a1d0822,host,json,on,False,60.0,19c39522adcecf9a,15,2,4.000444288000464,130,accepted_response,0.4708029955509119,230
81bc63cc2a1d0822,host,json,on,False,60.0,19c39522adcecf9a,16,3,5.000473848000169,130,accepted_response,0.41837599565042183,270
81bc63cc2a1d0822,host,json,on,False,60.0,19c39522adcecf9a,17,1,6.00045403200388,135,accepted_response,0.6501079988083802,228
81bc63cc2a1d0822,host,json,on,False,60.0,19c39522adcecf9a,18,2,7.000378958001733,130,accepted_response,0.40644800174050033,230
81bc63cc2a1d0822,host,json,on,False,60.0,19c39522adcecf9a,19,3,8.00045822700113,130,accepted_response,0.49697200302034616,270
81bc63cc2a1d0822,host,json,on,False,60.0,19c39522adcecf9a,20,1,9.00038343000412,135,accepted_response,0.46038800064707175,228
81bc63cc2a1d0822,host,json,on,False,60.0,19c39522adcecf9a,21,2,10.000467914000154,130,accepted_response,0.4261270005372353,230
81bc63cc2a1d0822,host,json,on,False,60.0,19c39522adcecf9a,22,3,11.000436314001679,130,accepted_response,0.4085609980393201,270
81bc63cc2a1d0822,host,json,on,False,60.0,19c39522adcecf9a,23,1,12.00044466599822,135,accepted_response,0.6262120004976168,228
81bc63cc2a1d0822,host,json,on,False,60.0,19c39522adcecf9a,24,2,13.000433991998435,130,accepted_response,0.37427100323839113,230
81bc63cc2a1d0822,host,json,on,False,60.0,19c39522adcecf9a,25,3,14.00055886900425,130,accepted_response,0.5200160012464039,270
81bc63cc2a1d0822,host,json,on,False,60.0,19c39522adcecf9a,26,1,15.000434496998787,135,accepted_response,0.44991299364482984,228
81bc63cc2a1d0822,host,json,on,False,60.0,19c39522adcecf9a,27,2,16.000480567000807,130,accepted_response,0.42270199628546834,230
81bc63cc2a1d0822,host,json,on,False,60.0,19c39522adcecf9a,28,3,17.000505644999443,130,accepted_response,0.4537679997156374,270
81bc63cc2a1d0822,host,json,on,False,60.0,19c39522adcecf9a,29,1,18.00048784700036,135,accepted_response,0.43357800313970074,228
81bc63cc2a1d0822,host,json,on,False,60.0,19c39522adcecf9a,30,2,19.000503925003112,130,accepted_response,3.4110429987777025,230
81bc63cc2a1d0822,host,json,on,False,60.0,19c39522adcecf9a,31,3,20.000431648999452,130,accepted_response,0.5031209948356263,270
81bc63cc2a1d0822,host,json,on,False,60.0,19c39522adcecf9a,32,1,21.000507353000344,135,accepted_response,0.4148010048083961,228
81bc63cc2a1d0822,host,json,on,False,60.0,19c39522adcecf9a,33,2,22.000574606999756,130,accepted_response,0.5131249999976717,230
81bc63cc2a1d0822,host,json,on,False,60.0,19c39522adcecf9a,34,3,23.00049509499967,130,accepted_response,0.5155390026629902,270
81bc63cc2a1d0822,host,json,on,False,60.0,19c39522adcecf9a,35,1,24.000505470000206,135,accepted_response,0.469261001853738,228
81bc63cc2a1d0822,host,json,on,False,60.0,19c39522adcecf9a,36,2,25.000448816001416,130,accepted_response,0.4901709980913438,230
81bc63cc2a1d0822,host,json,on,False,60.0,19c39522adcecf9a,37,3,26.000426719002427,130,accepted_response,0.46054799895500764,270
81bc63cc2a1d0822,host,json,on,False,60.0,19c39522adcecf9a,38,1,27.000503426998854,135,accepted_response,0.42200100142508745,228
81bc63cc2a1d0822,host,json,on,False,60.0,19c39522adcecf9a,39,2,28.000517475001512,130,accepted_response,0.45374800538411364,230
81bc63cc2a1d0822,host,json,on,False,60.0,19c39522adcecf9a,40,3,29.000460854001343,130,accepted_response,0.43037300201831385,270
81bc63cc2a1d0822,host,json,on,False,60.0,19c39522adcecf9a,41,1,30.00061989799887,135,accepted_response,0.6483749966719188,228
81bc63cc2a1d0822,host,json,on,False,60.0,19c39522adcecf9a,42,2,31.00068879199773,130,accepted_response,0.6583290014532395,230
81bc63cc2a1d0822,host,json,on,False,60.0,19c39522adcecf9a,43,3,32.00038577800244,130,accepted_response,0.4509939972194843,270
81bc63cc2a1d0822,host,json,on,False,60.0,19c39522adcecf9a,44,1,33.00040768700093,135,accepted_response,0.4843839997192845,228
81bc63cc2a1d0822,host,json,on,False,60.0,19c39522adcecf9a,45,2,34.00078900700063,130,accepted_response,0.7820059981895611,230
81bc63cc2a1d0822,host,json,on,False,60.0,19c39522adcecf9a,46,3,35.000400030002,130,accepted_response,0.547545998415444,270
81bc63cc2a1d0822,host,json,on,False,60.0,19c39522adcecf9a,47,1,36.000452007003126,135,accepted_response,0.40651900053489953,228
81bc63cc2a1d0822,host,json,on,False,60.0,19c39522adcecf9a,48,2,37.00052185200155,130,accepted_response,0.582738000957761,230
81bc63cc2a1d0822,host,json,on,False,60.0,19c39522adcecf9a,49,3,38.00054989700019,130,accepted_response,0.5594230024144053,270
81bc63cc2a1d0822,host,json,on,False,60.0,19c39522adcecf9a,50,1,39.00062339000404,135,accepted_response,0.6666820045211352,228
81bc63cc2a1d0822,host,json,on,False,60.0,19c39522adcecf9a,51,2,40.00037007000297,130,accepted_response,0.39453100180253386,230
81bc63cc2a1d0822,host,json,on,False,60.0,19c39522adcecf9a,52,3,41.00045758900046,130,accepted_response,0.44378399616107345,270
81bc63cc2a1d0822,host,json,on,False,60.0,19c39522adcecf9a,53,1,42.00044687600434,135,accepted_response,0.464304001070559,228
81bc63cc2a1d0822,host,json,on,False,60.0,19c39522adcecf9a,54,2,43.000432071998716,130,accepted_response,0.38983400008874014,230
81bc63cc2a1d0822,host,json,on,False,60.0,19c39522adcecf9a,55,3,44.00043198700249,130,accepted_response,0.4230839986121282,270
81bc63cc2a1d0822,host,json,on,False,60.0,19c39522adcecf9a,56,1,45.00039050300419,135,accepted_response,0.4791859973920509,228
81bc63cc2a1d0822,host,json,on,False,60.0,19c39522adcecf9a,57,2,46.0012349729985,130,accepted_response,0.5463350025820546,230
81bc63cc2a1d0822,host,json,on,False,60.0,19c39522adcecf9a,58,3,47.00045936000347,130,accepted_response,0.4146810024394654,270
81bc63cc2a1d0822,host,json,on,False,60.0,19c39522adcecf9a,59,1,48.00043979199976,135,accepted_response,0.3756540027097799,228
81bc63cc2a1d0822,host,json,on,False,60.0,19c39522adcecf9a,60,2,49.00044422800094,130,accepted_response,0.39389000448863953,230
81bc63cc2a1d0822,host,json,on,False,60.0,19c39522adcecf9a,61,3,50.00043803299963,130,accepted_response,0.40306300070369616,270
81bc63cc2a1d0822,host,json,on,False,60.0,19c39522adcecf9a,62,1,51.0004367320016,135,accepted_response,0.382182995963376,228
81bc63cc2a1d0822,host,json,on,False,60.0,19c39522adcecf9a,63,2,52.00041916500032,130,accepted_response,0.5379719950724393,230
81bc63cc2a1d0822,host,json,on,False,60.0,19c39522adcecf9a,64,3,53.00044401899725,130,accepted_response,0.4038840052089654,270
81bc63cc2a1d0822,host,json,on,False,60.0,19c39522adcecf9a,65,1,54.000477626003324,135,accepted_response,0.41095499909715727,228
81bc63cc2a1d0822,host,json,on,False,60.0,19c39522adcecf9a,66,2,55.0004689809978,130,accepted_response,0.4252059952705167,230
81bc63cc2a1d0822,host,json,on,False,60.0,19c39522adcecf9a,67,3,56.00043665499985,130,accepted_response,0.4889499978162348,270
81bc63cc2a1d0822,host,json,on,False,60.0,19c39522adcecf9a,68,1,57.00047363000363,135,accepted_response,0.39557200216222554,228
81bc63cc2a1d0822,host,json,on,False,60.0,19c39522adcecf9a,69,2,58.000388896003365,130,accepted_response,0.44815000001108274,230
81bc63cc2a1d0822,host,json,on,False,60.0,19c39522adcecf9a,70,3,59.000437909998,130,accepted_response,0.4139000011491589,270
33395d65527e7608,host,protobuf,on,False,60.0,efa81bcac365038a,11,1,0.0003098959997296333,45,accepted_response,0.2424970007268712,85
33395d65527e7608,host,protobuf,on,False,60.0,efa81bcac365038a,12,2,1.0004166639968752,45,accepted_response,0.4831910046050325,75
33395d65527e7608,host,protobuf,on,False,60.0,efa81bcac365038a,13,3,2.000652861997485,45,accepted_response,0.28740300331264734,76
33395d65527e7608,host,protobuf,on,False,60.0,efa81bcac365038a,14,1,3.000519795998931,45,accepted_response,0.36885399458697066,85
33395d65527e7608,host,protobuf,on,False,60.0,efa81bcac365038a,15,2,4.00057075599581,45,accepted_response,0.3169670017086901,75
33395d65527e7608,host,protobuf,on,False,60.0,efa81bcac365038a,16,3,5.000401969999075,45,accepted_response,0.311217998387292,76
33395d65527e7608,host,protobuf,on,False,60.0,efa81bcac365038a,17,1,6.000394700996578,45,accepted_response,0.4043360022478737,85
33395d65527e7608,host,protobuf,on,False,60.0,efa81bcac365038a,18,2,7.000493666999042,45,accepted_response,0.3543920029187575,76
33395d65527e7608,host,protobuf,on,False,60.0,efa81bcac365038a,19,3,8.000333269998432,45,accepted_response,0.33887899917317554,77
33395d65527e7608,host,protobuf,on,False,60.0,efa81bcac365038a,20,1,9.000370025999844,45,accepted_response,1.0516390029806644,86
33395d65527e7608,host,protobuf,on,False,60.0,efa81bcac365038a,21,2,10.000527331002056,45,accepted_response,0.3976960069849156,76
33395d65527e7608,host,protobuf,on,False,60.0,efa81bcac365038a,22,3,11.000373801998794,45,accepted_response,0.31321199639933184,77
33395d65527e7608,host,protobuf,on,False,60.0,efa81bcac365038a,23,1,12.000369736999273,45,accepted_response,0.3386590033187531,86
33395d65527e7608,host,protobuf,on,False,60.0,efa81bcac365038a,24,2,13.00055149500072,45,accepted_response,1.3073049995000474,76
33395d65527e7608,host,protobuf,on,False,60.0,efa81bcac365038a,25,3,14.000421752996743,45,accepted_response,0.32896500488277525,77
33395d65527e7608,host,protobuf,on,False,60.0,efa81bcac365038a,26,1,15.000388967998326,45,accepted_response,0.3013440000358969,86
33395d65527e7608,host,protobuf,on,False,60.0,efa81bcac365038a,27,2,16.000409083999692,45,accepted_response,0.3202209991286509,76
33395d65527e7608,host,protobuf,on,False,60.0,efa81bcac365038a,28,3,17.000366511002184,45,accepted_response,0.33894000080181286,77
33395d65527e7608,host,protobuf,on,False,60.0,efa81bcac365038a,29,1,18.000359775997698,45,accepted_response,0.28455899882828817,86
33395d65527e7608,host,protobuf,on,False,60.0,efa81bcac365038a,30,2,19.00036442799866,45,accepted_response,0.3403209993848577,76
33395d65527e7608,host,protobuf,on,False,60.0,efa81bcac365038a,31,3,20.000447465002537,45,accepted_response,0.3126110023004003,77
33395d65527e7608,host,protobuf,on,False,60.0,efa81bcac365038a,32,1,21.00032418499887,45,accepted_response,0.3037169954041019,86
33395d65527e7608,host,protobuf,on,False,60.0,efa81bcac365038a,33,2,22.000392049998045,45,accepted_response,0.3053800028283149,76
33395d65527e7608,host,protobuf,on,False,60.0,efa81bcac365038a,34,3,23.00041697099805,45,accepted_response,0.33358100336045027,77
33395d65527e7608,host,protobuf,on,False,60.0,efa81bcac365038a,35,1,24.000303135998546,45,accepted_response,0.29387300310190767,86
33395d65527e7608,host,protobuf,on,False,60.0,efa81bcac365038a,36,2,25.000365042999388,45,accepted_response,0.537812004040461,76
33395d65527e7608,host,protobuf,on,False,60.0,efa81bcac365038a,37,3,26.000317777998745,45,accepted_response,0.303256994811818,77
33395d65527e7608,host,protobuf,on,False,60.0,efa81bcac365038a,38,1,27.000444370001553,45,accepted_response,0.43891699897358194,86
33395d65527e7608,host,protobuf,on,False,60.0,efa81bcac365038a,39,2,28.000393495999276,45,accepted_response,0.35115700302412733,76
33395d65527e7608,host,protobuf,on,False,60.0,efa81bcac365038a,40,3,29.00047449399531,45,accepted_response,0.3207620029570535,77
33395d65527e7608,host,protobuf,on,False,60.0,efa81bcac365038a,41,1,30.000293159998954,45,accepted_response,0.32045199623098597,86
33395d65527e7608,host,protobuf,on,False,60.0,efa81bcac365038a,42,2,31.000360298000277,45,accepted_response,0.3415929968468845,76
33395d65527e7608,host,protobuf,on,False,60.0,efa81bcac365038a,43,3,32.00047589799762,45,accepted_response,0.3286039936938323,77
33395d65527e7608,host,protobuf,on,False,60.0,efa81bcac365038a,44,1,33.00036655700207,45,accepted_response,0.27970200608251616,86
33395d65527e7608,host,protobuf,on,False,60.0,efa81bcac365038a,45,2,34.00041650799662,45,accepted_response,0.3451890006545,76
33395d65527e7608,host,protobuf,on,False,60.0,efa81bcac365038a,46,3,35.0003629790023,45,accepted_response,0.2939930054708384,77
33395d65527e7608,host,protobuf,on,False,60.0,efa81bcac365038a,47,1,36.000286303997036,45,accepted_response,0.3023350000148639,86
33395d65527e7608,host,protobuf,on,False,60.0,efa81bcac365038a,48,2,37.00034417999536,45,accepted_response,0.28918599855387583,76
33395d65527e7608,host,protobuf,on,False,60.0,efa81bcac365038a,49,3,38.00027525399625,45,accepted_response,0.28015200223308057,77
33395d65527e7608,host,protobuf,on,False,60.0,efa81bcac365038a,50,1,39.00056466899812,45,accepted_response,0.47122399701038375,86
33395d65527e7608,host,protobuf,on,False,60.0,efa81bcac365038a,51,2,40.0005913079977,45,accepted_response,0.4954189935233444,76
33395d65527e7608,host,protobuf,on,False,60.0,efa81bcac365038a,52,3,41.00034341800213,45,accepted_response,0.5261750047793612,77
33395d65527e7608,host,protobuf,on,False,60.0,efa81bcac365038a,53,1,42.0003335070014,45,accepted_response,0.5326839964254759,86
33395d65527e7608,host,protobuf,on,False,60.0,efa81bcac365038a,54,2,43.00063134600222,45,accepted_response,0.544391994480975,76
33395d65527e7608,host,protobuf,on,False,60.0,efa81bcac365038a,55,3,44.00035238199681,45,accepted_response,0.2797010020003654,77
33395d65527e7608,host,protobuf,on,False,60.0,efa81bcac365038a,56,1,45.000283685997125,45,accepted_response,0.43323800491634756,86
33395d65527e7608,host,protobuf,on,False,60.0,efa81bcac365038a,57,2,46.00036917699873,45,accepted_response,0.29995100339874625,76
33395d65527e7608,host,protobuf,on,False,60.0,efa81bcac365038a,58,3,47.00029600100219,45,accepted_response,0.4557010033749975,77
33395d65527e7608,host,protobuf,on,False,60.0,efa81bcac365038a,59,1,48.00050669199973,45,accepted_response,0.8061080006882548,86
33395d65527e7608,host,protobuf,on,False,60.0,efa81bcac365038a,60,2,49.000603598996996,45,accepted_response,0.5023699995945208,76
33395d65527e7608,host,protobuf,on,False,60.0,efa81bcac365038a,61,3,50.00054348199814,45,accepted_response,0.4505840042838827,77
33395d65527e7608,host,protobuf,on,False,60.0,efa81bcac365038a,62,1,51.000617986001075,45,accepted_response,0.5034510031691752,86
33395d65527e7608,host,protobuf,on,False,60.0,efa81bcac365038a,63,2,52.000602060995995,45,accepted_response,0.47402799827978015,76
33395d65527e7608,host,protobuf,on,False,60.0,efa81bcac365038a,64,3,53.00041311500222,45,accepted_response,0.31723800202598795,77
33395d65527e7608,host,protobuf,on,False,60.0,efa81bcac365038a,65,1,54.0003389659971,45,accepted_response,0.30852399504510686,86
33395d65527e7608,host,protobuf,on,False,60.0,efa81bcac365038a,66,2,55.00061417800188,45,accepted_response,0.5147780029801652,76
33395d65527e7608,host,protobuf,on,False,60.0,efa81bcac365038a,67,3,56.00040210799873,45,accepted_response,0.3233460010960698,77
33395d65527e7608,host,protobuf,on,False,60.0,efa81bcac365038a,68,1,57.00034494099766,45,accepted_response,0.3328199964016676,86
33395d65527e7608,host,protobuf,on,False,60.0,efa81bcac365038a,69,2,58.00032798799872,45,accepted_response,0.43913599802181125,76
33395d65527e7608,host,protobuf,on,False,60.0,efa81bcac365038a,70,3,59.000574583999814,45,accepted_response,0.6069940063753165,77
98e94d2bdfac50f0,host,csv,on,False,60.0,d4de82601fb79037,11,1,0.0002929020002484322,45,accepted_response,0.2993809976032935,85
98e94d2bdfac50f0,host,csv,on,False,60.0,d4de82601fb79037,12,2,1.0004355729967356,45,accepted_response,0.36475699744187295,79
98e94d2bdfac50f0,host,csv,on,False,60.0,d4de82601fb79037,13,3,2.0004304990023374,45,accepted_response,0.504502997500822,78
98e94d2bdfac50f0,host,csv,on,False,60.0,d4de82601fb79037,14,1,3.000682766996324,45,accepted_response,0.5812460003653541,85
98e94d2bdfac50f0,host,csv,on,False,60.0,d4de82601fb79037,15,2,4.000286247000099,45,accepted_response,0.33221900230273604,79
98e94d2bdfac50f0,host,csv,on,False,60.0,d4de82601fb79037,16,3,5.000405295997858,45,accepted_response,0.37270900065777823,78
98e94d2bdfac50f0,host,csv,on,False,60.0,d4de82601fb79037,17,1,6.000544414997101,45,accepted_response,0.46122899948386475,85
98e94d2bdfac50f0,host,csv,on,False,60.0,d4de82601fb79037,18,2,7.000337026998401,45,accepted_response,0.3611820065998472,79
98e94d2bdfac50f0,host,csv,on,False,60.0,d4de82601fb79037,19,3,8.00037166699767,45,accepted_response,0.3990479963249527,78
98e94d2bdfac50f0,host,csv,on,False,60.0,d4de82601fb79037,20,1,9.000381498999893,45,accepted_response,0.3197010009898804,85
98e94d2bdfac50f0,host,csv,on,False,60.0,d4de82601fb79037,21,2,10.000328869998455,45,accepted_response,0.42697900062194094,79
98e94d2bdfac50f0,host,csv,on,False,60.0,d4de82601fb79037,22,3,11.000546057999134,45,accepted_response,0.36918399564456195,78
98e94d2bdfac50f0,host,csv,on,False,60.0,d4de82601fb79037,23,1,12.000294196002185,45,accepted_response,0.30364700069185346,85
98e94d2bdfac50f0,host,csv,on,False,60.0,d4de82601fb79037,24,2,13.000443754002452,45,accepted_response,0.45271700219018385,79
98e94d2bdfac50f0,host,csv,on,False,60.0,d4de82601fb79037,25,3,14.000374847002327,45,accepted_response,0.4084819956915453,78
98e94d2bdfac50f0,host,csv,on,False,60.0,d4de82601fb79037,26,1,15.00048853699863,45,accepted_response,0.40510699909646064,85
98e94d2bdfac50f0,host,csv,on,False,60.0,d4de82601fb79037,27,2,16.000392295002936,45,accepted_response,0.4533769970294088,79
98e94d2bdfac50f0,host,csv,on,False,60.0,d4de82601fb79037,28,3,17.000397918999195,45,accepted_response,0.324376997014042,78
98e94d2bdfac50f0,host,csv,on,False,60.0,d4de82601fb79037,29,1,18.000311575002968,45,accepted_response,0.3258600045228377,85
98e94d2bdfac50f0,host,csv,on,False,60.0,d4de82601fb79037,30,2,19.000466472998262,45,accepted_response,0.48169899673666805,79
98e94d2bdfac50f0,host,csv,on,False,60.0,d4de82601fb79037,31,3,20.000491619996726,45,accepted_response,0.3804200023296289,78
98e94d2bdfac50f0,host,csv,on,False,60.0,d4de82601fb79037,32,1,21.000353759996592,45,accepted_response,0.44274200627114624,85
98e94d2bdfac50f0,host,csv,on,False,60.0,d4de82601fb79037,33,2,22.000450750000773,45,accepted_response,0.5029099993407726,79
98e94d2bdfac50f0,host,csv,on,False,60.0,d4de82601fb79037,34,3,23.000389016002416,45,accepted_response,0.32290499802911654,78
98e94d2bdfac50f0,host,csv,on,False,60.0,d4de82601fb79037,35,1,24.000387805998326,45,accepted_response,0.5364210010156967,85
98e94d2bdfac50f0,host,csv,on,False,60.0,d4de82601fb79037,36,2,25.00057570900023,45,accepted_response,0.46442399616353214,79
98e94d2bdfac50f0,host,csv,on,False,60.0,d4de82601fb79037,37,3,26.00032671300322,45,accepted_response,0.4715549948741682,78
98e94d2bdfac50f0,host,csv,on,False,60.0,d4de82601fb79037,38,1,27.000403499998153,45,accepted_response,0.647904998913873,85
98e94d2bdfac50f0,host,csv,on,False,60.0,d4de82601fb79037,39,2,28.000365362003446,45,accepted_response,0.39870700129540637,79
98e94d2bdfac50f0,host,csv,on,False,60.0,d4de82601fb79037,40,3,29.000469912,45,accepted_response,0.4769320003106259,78
98e94d2bdfac50f0,host,csv,on,False,60.0,d4de82601fb79037,41,1,30.000291698999703,45,accepted_response,0.29722799808951095,85
98e94d2bdfac50f0,host,csv,on,False,60.0,d4de82601fb79037,42,2,31.000480209998788,45,accepted_response,0.44698899728246033,79
98e94d2bdfac50f0,host,csv,on,False,60.0,d4de82601fb79037,43,3,32.00029560700059,45,accepted_response,0.3274830014561303,78
98e94d2bdfac50f0,host,csv,on,False,60.0,d4de82601fb79037,44,1,33.00044667699933,45,accepted_response,0.39241799822775647,85
98e94d2bdfac50f0,host,csv,on,False,60.0,d4de82601fb79037,45,2,34.000334206998346,45,accepted_response,0.4062590014655143,79
98e94d2bdfac50f0,host,csv,on,False,60.0,d4de82601fb79037,46,3,35.00042380099744,45,accepted_response,0.362583996320609,78
98e94d2bdfac50f0,host,csv,on,False,60.0,d4de82601fb79037,47,1,36.00032394599914,45,accepted_response,0.37366999458754435,85
98e94d2bdfac50f0,host,csv,on,False,60.0,d4de82601fb79037,48,2,37.00046135099977,45,accepted_response,0.5160399960004725,79
98e94d2bdfac50f0,host,csv,on,False,60.0,d4de82601fb79037,49,3,38.00027532900125,45,accepted_response,0.3531599941197783,78
98e94d2bdfac50f0,host,csv,on,False,60.0,d4de82601fb79037,50,1,39.000438032001256,45,accepted_response,0.4995060007786378,85
98e94d2bdfac50f0,host,csv,on,False,60.0,d4de82601fb79037,51,2,40.00027632699907,45,accepted_response,0.3436760016484186,79
98e94d2bdfac50f0,host,csv,on,False,60.0,d4de82601fb79037,52,3,41.00036618299782,45,accepted_response,0.3187300026183948,78
98e94d2bdfac50f0,host,csv,on,False,60.0,d4de82601fb79037,53,1,42.000492752999065,45,accepted_response,0.45338799827732146,85
98e94d2bdfac50f0,host,csv,on,False,60.0,d4de82601fb79037,54,2,43.000353547997776,45,accepted_response,0.3170970012433827,79
98e94d2bdfac50f0,host,csv,on,False,60.0,d4de82601fb79037,55,3,44.00037947899848,45,accepted_response,0.5622480020974763,78
98e94d2bdfac50f0,host,csv,on,False,60.0,d4de82601fb79037,56,1,45.000349022001025,45,accepted_response,0.3055709967156872,85
98e94d2bdfac50f0,host,csv,on,False,60.0,d4de82601fb79037,57,2,46.000350473001596,45,accepted_response,0.45048400352243334,79
98e94d2bdfac50f0,host,csv,on,False,60.0,d4de82601fb79037,58,3,47.00045897299796,45,accepted_response,0.4380649988888763,78
98e94d2bdfac50f0,host,csv,on,False,60.0,d4de82601fb79037,59,1,48.00046400400251,45,accepted_response,0.4092029994353652,85
98e94d2bdfac50f0,host,csv,on,False,60.0,d4de82601fb79037,60,2,49.00048634900153,45,accepted_response,0.40742099372437224,79
98e94d2bdfac50f0,host,csv,on,False,60.0,d4de82601fb79037,61,3,50.00028433600068,45,accepted_response,0.2935720040113665,78
98e94d2bdfac50f0,host,csv,on,False,60.0,d4de82601fb79037,62,1,51.00035827200115,45,accepted_response,0.3048489961656742,85
98e94d2bdfac50f0,host,csv,on,False,60.0,d4de82601fb79037,63,2,52.00037865400314,45,accepted_response,0.29897000058554113,79
98e94d2bdfac50f0,host,csv,on,False,60.0,d4de82601fb79037,64,3,53.000314519003034,45,accepted_response,0.44879099732497707,78
98e94d2bdfac50f0,host,csv,on,False,60.0,d4de82601fb79037,65,1,54.000319161996245,45,accepted_response,0.4301249937270768,85
98e94d2bdfac50f0,host,csv,on,False,60.0,d4de82601fb79037,66,2,55.0003549420014,45,accepted_response,0.4134699993301183,79
98e94d2bdfac50f0,host,csv,on,False,60.0,d4de82601fb79037,67,3,56.00058603099733,45,accepted_response,0.3952730039600283,78
98e94d2bdfac50f0,host,csv,on,False,60.0,d4de82601fb79037,68,1,57.000274898000065,45,accepted_response,0.45030399633105844,85
98e94d2bdfac50f0,host,csv,on,False,60.0,d4de82601fb79037,69,2,58.00039913000166,45,accepted_response,0.387471001886297,79
98e94d2bdfac50f0,host,csv,on,False,60.0,d4de82601fb79037,70,3,59.00045325099677,45,accepted_response,0.5967999968561344,78
580eb0d5e0b22c5a,host,protobuf,off,False,60.0,332f3c66d0398215,11,1,0.0017534620016813277,37,accepted_response,1.6503500010003336,77
580eb0d5e0b22c5a,host,protobuf,off,False,60.0,332f3c66d0398215,12,2,1.0003168919980525,37,accepted_response,0.2668329980224371,67
580eb0d5e0b22c5a,host,protobuf,off,False,60.0,332f3c66d0398215,13,3,2.0003365679979326,37,accepted_response,0.22033500135876238,68
580eb0d5e0b22c5a,host,protobuf,off,False,60.0,332f3c66d0398215,14,1,3.0002662129998208,37,accepted_response,0.21196199668338522,77
580eb0d5e0b22c5a,host,protobuf,off,False,60.0,332f3c66d0398215,15,2,4.0003277129977945,37,accepted_response,0.21398499666247517,67
580eb0d5e0b22c5a,host,protobuf,off,False,60.0,332f3c66d0398215,16,3,5.0002598819956185,37,accepted_response,0.20004399993922561,68
580eb0d5e0b22c5a,host,protobuf,off,False,60.0,332f3c66d0398215,17,1,6.000361451998353,37,accepted_response,0.19340500148246065,77
580eb0d5e0b22c5a,host,protobuf,off,False,60.0,332f3c66d0398215,18,2,7.00031163199991,37,accepted_response,0.2501780036254786,68
580eb0d5e0b22c5a,host,protobuf,off,False,60.0,332f3c66d0398215,19,3,8.000343388997019,37,accepted_response,0.21327099966583773,69
580eb0d5e0b22c5a,host,protobuf,off,False,60.0,332f3c66d0398215,20,1,9.000248912997543,37,accepted_response,0.23119000252336264,78
580eb0d5e0b22c5a,host,protobuf,off,False,60.0,332f3c66d0398215,21,2,10.000304359994828,37,accepted_response,0.21527699573198333,68
580eb0d5e0b22c5a,host,protobuf,off,False,60.0,332f3c66d0398215,22,3,11.000249855995179,37,accepted_response,0.22212699695955962,69
580eb0d5e0b22c5a,host,protobuf,off,False,60.0,332f3c66d0398215,23,1,12.000333094999194,37,accepted_response,0.20672400569310412,78
580eb0d5e0b22c5a,host,protobuf,off,False,60.0,332f3c66d0398215,24,2,13.000308642998338,37,accepted_response,0.23066999710863456,68
580eb0d5e0b22c5a,host,protobuf,off,False,60.0,332f3c66d0398215,25,3,14.00035210199654,37,accepted_response,0.20438100182218477,69
580eb0d5e0b22c5a,host,protobuf,off,False,60.0,332f3c66d0398215,26,1,15.000327305994928,37,accepted_response,0.2763070006039925,78
580eb0d5e0b22c5a,host,protobuf,off,False,60.0,332f3c66d0398215,27,2,16.000372519001363,37,accepted_response,0.2581899971119128,68
580eb0d5e0b22c5a,host,protobuf,off,False,60.0,332f3c66d0398215,28,3,17.000313785001637,37,accepted_response,0.29266099591040984,69
580eb0d5e0b22c5a,host,protobuf,off,False,60.0,332f3c66d0398215,29,1,18.000267661996187,37,accepted_response,0.3161799977533519,78
580eb0d5e0b22c5a,host,protobuf,off,False,60.0,332f3c66d0398215,30,2,19.000368244998157,37,accepted_response,0.42389399459352717,68
580eb0d5e0b22c5a,host,protobuf,off,False,60.0,332f3c66d0398215,31,3,20.000376462996005,37,accepted_response,0.27265099924989045,69
580eb0d5e0b22c5a,host,protobuf,off,False,60.0,332f3c66d0398215,32,1,21.00032585199922,37,accepted_response,0.3005920007126406,78
580eb0d5e0b22c5a,host,protobuf,off,False,60.0,332f3c66d0398215,33,2,22.000725786998867,37,accepted_response,0.5675310021615587,68
580eb0d5e0b22c5a,host,protobuf,off,False,60.0,332f3c66d0398215,34,3,23.00033143799752,37,accepted_response,0.31554399902233854,69
580eb0d5e0b22c5a,host,protobuf,off,False,60.0,332f3c66d0398215,35,1,24.000358521997928,37,accepted_response,0.19404599879635498,78
580eb0d5e0b22c5a,host,protobuf,off,False,60.0,332f3c66d0398215,36,2,25.00025026899576,37,accepted_response,0.25795999681577086,68
580eb0d5e0b22c5a,host,protobuf,off,False,60.0,332f3c66d0398215,37,3,26.00041193699837,37,accepted_response,0.24279799981741235,69
580eb0d5e0b22c5a,host,protobuf,off,False,60.0,332f3c66d0398215,38,1,27.000364676997066,37,accepted_response,0.28668199956882745,78
580eb0d5e0b22c5a,host,protobuf,off,False,60.0,332f3c66d0398215,39,2,28.00038514599949,37,accepted_response,0.32110200118040666,68
580eb0d5e0b22c5a,host,protobuf,off,False,60.0,332f3c66d0398215,40,3,29.00039408700168,37,accepted_response,0.24815500364638865,69
580eb0d5e0b22c5a,host,protobuf,off,False,60.0,332f3c66d0398215,41,1,30.000436611995102,37,accepted_response,0.2919000035035424,78
580eb0d5e0b22c5a,host,protobuf,off,False,60.0,332f3c66d0398215,42,2,31.001025739997626,37,accepted_response,0.3275319977547042,68
580eb0d5e0b22c5a,host,protobuf,off,False,60.0,332f3c66d0398215,43,3,32.000255359999834,37,accepted_response,0.1984330010600388,69
580eb0d5e0b22c5a,host,protobuf,off,False,60.0,332f3c66d0398215,44,1,33.00029275199771,37,accepted_response,0.18909799837274477,78
580eb0d5e0b22c5a,host,protobuf,off,False,60.0,332f3c66d0398215,45,2,34.00028654500097,37,accepted_response,0.3971449987147935,68
580eb0d5e0b22c5a,host,protobuf,off,False,60.0,332f3c66d0398215,46,3,35.00059546499699,37,accepted_response,0.5478470047819428,69
580eb0d5e0b22c5a,host,protobuf,off,False,60.0,332f3c66d0398215,47,1,36.0003366170004,37,accepted_response,0.21880200074519962,78
580eb0d5e0b22c5a,host,protobuf,off,False,60.0,332f3c66d0398215,48,2,37.00031568999589,37,accepted_response,0.29839899798389524,68
580eb0d5e0b22c5a,host,protobuf,off,False,60.0,332f3c66d0398215,49,3,38.000419455997644,37,accepted_response,0.2969479974126443,69
580eb0d5e0b22c5a,host,protobuf,off,False,60.0,332f3c66d0398215,50,1,39.00031024799496,37,accepted_response,0.29386299866018817,78
580eb0d5e0b22c5a,host,protobuf,off,False,60.0,332f3c66d0398215,51,2,40.00034612800181,37,accepted_response,0.23129100009100512,68
580eb0d5e0b22c5a,host,protobuf,off,False,60.0,332f3c66d0398215,52,3,41.000237256996336,37,accepted_response,0.1992329998756759,69
580eb0d5e0b22c5a,host,protobuf,off,False,60.0,332f3c66d0398215,53,1,42.00039677699655,37,accepted_response,0.2812140010064468,78
580eb0d5e0b22c5a,host,protobuf,off,False,60.0,332f3c66d0398215,54,2,43.00029131499678,37,accepted_response,0.299241000902839,68
580eb0d5e0b22c5a,host,protobuf,off,False,60.0,332f3c66d0398215,55,3,44.00033874899894,37,accepted_response,0.23421499645337462,69
580eb0d5e0b22c5a,host,protobuf,off,False,60.0,332f3c66d0398215,56,1,45.00024913100153,37,accepted_response,0.2228090015705675,78
580eb0d5e0b22c5a,host,protobuf,off,False,60.0,332f3c66d0398215,57,2,46.00030365099758,37,accepted_response,0.20332900021458045,68
580eb0d5e0b22c5a,host,protobuf,off,False,60.0,332f3c66d0398215,58,3,47.00031576000154,37,accepted_response,0.25884099886752665,69
580eb0d5e0b22c5a,host,protobuf,off,False,60.0,332f3c66d0398215,59,1,48.00033386299759,37,accepted_response,0.2666120053618215,78
580eb0d5e0b22c5a,host,protobuf,off,False,60.0,332f3c66d0398215,60,2,49.00028607099503,37,accepted_response,0.2712200002861209,68
580eb0d5e0b22c5a,host,protobuf,off,False,60.0,332f3c66d0398215,61,3,50.00031100200117,37,accepted_response,0.1944860050571151,69
580eb0d5e0b22c5a,host,protobuf,off,False,60.0,332f3c66d0398215,62,1,51.00025902799517,37,accepted_response,0.20370999845908955,78
580eb0d5e0b22c5a,host,protobuf,off,False,60.0,332f3c66d0398215,63,2,52.000318863995375,37,accepted_response,0.1961090019904077,68
580eb0d5e0b22c5a,host,protobuf,off,False,60.0,332f3c66d0398215,64,3,53.000256450995806,37,accepted_response,0.20984900038456544,69
580eb0d5e0b22c5a,host,protobuf,off,False,60.0,332f3c66d0398215,65,1,54.00030854500085,37,accepted_response,0.21282400120981038,78
580eb0d5e0b22c5a,host,protobuf,off,False,60.0,332f3c66d0398215,66,2,55.0002596179992,37,accepted_response,0.20413099991856143,68
580eb0d5e0b22c5a,host,protobuf,off,False,60.0,332f3c66d0398215,67,3,56.00032823199779,37,accepted_response,0.2267640011268668,69
580eb0d5e0b22c5a,host,protobuf,off,False,60.0,332f3c66d0398215,68,1,57.000312289997936,37,accepted_response,0.3626140023698099,78
580eb0d5e0b22c5a,host,protobuf,off,False,60.0,332f3c66d0398215,69,2,58.00036110600084,37,accepted_response,0.25580600049579516,68
580eb0d5e0b22c5a,host,protobuf,off,False,60.0,332f3c66d0398215,70,3,59.000300452999774,37,accepted_response,0.2894060016842559,69
