comparison_id,mode,format,crc,instrumented,duration_seconds,role,kind,forward_publications,reordered_publications,unique_received,unique_receive_hz,duplicate_publications,late_publications,discontinuities,gap_final_observed,gap_unresolved_at_end,stale_transitions,stale_seconds,not_seen_seconds,fresh_seconds,logged_sent_publications,logged_send_hz
88353af2b7574e67,host,json,off,False,60.0,listener1,21,600,0,600,10.0,0,0,0,0,0,0,0,0,60.000000000000014,600,10.0
88353af2b7574e67,host,json,off,False,60.0,listener1,22,60,0,60,1.0,0,0,0,0,0,0,0,0,60.00000000000001,60,1.0
88353af2b7574e67,host,json,off,False,60.0,listener2,21,600,0,600,10.0,0,0,0,0,0,0,0,0,60.00000000000001,600,10.0
88353af2b7574e67,host,json,off,False,60.0,listener2,22,60,0,60,1.0,0,0,0,0,0,0,0,0,60.00000000000001,60,1.0
29aa500059897e9c,host,csv,off,False,60.0,listener1,21,600,0,600,10.0,0,0,0,0,0,0,0,0,60.00000000000001,600,10.0
29aa500059897e9c,host,csv,off,False,60.0,listener1,22,60,0,60,1.0,0,0,0,0,0,0,0,0,59.99999999999999,60,1.0
29aa500059897e9c,host,csv,off,False,60.0,listener2,21,600,0,600,10.0,0,0,0,0,0,0,0,0,60.00000000000002,600,10.0
29aa500059897e9c,host,csv,off,False,60.0,listener2,22,60,0,60,1.0,0,0,0,0,0,0,0,0,60.00000000000001,60,1.0
81bc63cc2a1d0822,host,json,on,False,60.0,listener1,21,600,0,600,10.0,0,0,0,0,0,0,0,0,60.0,600,10.0
81bc63cc2a1d0822,host,json,on,False,60.0,listener1,22,60,0,60,1.0,0,0,0,0,0,0,0,0,59.99999999999999,60,1.0
81bc63cc2a1d0822,host,json,on,False,60.0,listener2,21,600,0,600,10.0,0,0,0,0,0,0,0,0,59.99999999999997,600,10.0
81bc63cc2a1d0822,host,json,on,False,60.0,listener2,22,60,0,60,1.0,0,0,0,0,0,0,0,0,60.0,60,1.0
33395d65527e7608,host,protobuf,on,False,60.0,listener1,21,600,0,600,10.0,0,0,0,0,0,0,0,0,60.00000000000003,600,10.0
33395d65527e7608,host,protobuf,on,False,60.0,listener1,22,60,0,60,1.0,0,0,0,0,0,0,0,0,59.99999999999999,60,1.0
33395d65527e7608,host,protobuf,on,False,60.0,listener2,21,600,0,600,10.0,0,0,0,0,0,0,0,0,59.99999999999997,600,10.0
33395d65527e7608,host,protobuf,on,False,60.0,listener2,22,60,0,60,1.0,0,0,0,0,0,0,0,0,59.999999999999986,60,1.0
98e94d2bdfac50f0,host,csv,on,False,60.0,listener1,21,600,0,600,10.0,0,0,0,0,0,0,0,0,59.999999999999986,600,10.0
98e94d2bdfac50f0,host,csv,on,False,60.0,listener1,22,60,0,60,1.0,0,0,0,0,0,0,0,0,59.99999999999997,60,1.0
98e94d2bdfac50f0,host,csv,on,False,60.0,listener2,21,600,0,600,10.0,0,0,0,0,0,0,0,0,60.00000000000001,600,10.0
98e94d2bdfac50f0,host,csv,on,False,60.0,listener2,22,60,0,60,1.0,0,0,0,0,0,0,0,0,60.00000000000001,60,1.0
580eb0d5e0b22c5a,host,protobuf,off,False,60.0,listener1,21,600,0,600,10.0,0,0,0,0,0,0,0,0,59.99999999999994,600,10.0
580eb0d5e0b22c5a,host,protobuf,off,False,60.0,listener1,22,60,0,60,1.0,0,0,0,0,0,0,0,0,60.00000000000001,60,1.0
580eb0d5e0b22c5a,host,protobuf,off,False,60.0,listener2,21,600,0,600,10.0,0,0,0,0,0,0,0,0,59.99999999999998,600,10.0
580eb0d5e0b22c5a,host,protobuf,off,False,60.0,listener2,22,60,0,60,1.0,0,0,0,0,0,0,0,0,59.99999999999999,60,1.0
