comparison_id,mode,format,crc,instrumented,duration_seconds,role,outcome,count
88353af2b7574e67,host,json,off,False,60.0,client,accepted_response,60
88353af2b7574e67,host,json,off,False,60.0,client,measurement_start,1
88353af2b7574e67,host,json,off,False,60.0,client,sent_request,60
88353af2b7574e67,host,json,off,False,60.0,listener1,accepted_publication,660
88353af2b7574e67,host,json,off,False,60.0,listener2,accepted_publication,660
88353af2b7574e67,host,json,off,False,60.0,responder,accepted_request,59
88353af2b7574e67,host,json,off,False,60.0,responder,sent_publication,660
88353af2b7574e67,host,json,off,False,60.0,responder,sent_response,59
29aa500059897e9c,host,csv,off,False,60.0,client,accepted_response,60
29aa500059897e9c,host,csv,off,False,60.0,client,measurement_start,1
29aa500059897e9c,host,csv,off,False,60.0,client,sent_request,60
29aa500059897e9c,host,csv,off,False,60.0,listener1,accepted_publication,660
29aa500059897e9c,host,csv,off,False,60.0,listener2,accepted_publication,660
29aa500059897e9c,host,csv,off,False,60.0,responder,accepted_request,59
29aa500059897e9c,host,csv,off,False,60.0,responder,sent_publication,660
29aa500059897e9c,host,csv,off,False,60.0,responder,sent_response,59
81bc63cc2a1d0822,host,json,on,False,60.0,client,accepted_response,60
81bc63cc2a1d0822,host,json,on,False,60.0,client,measurement_start,1
81bc63cc2a1d0822,host,json,on,False,60.0,client,sent_request,60
81bc63cc2a1d0822,host,json,on,False,60.0,listener1,accepted_publication,660
81bc63cc2a1d0822,host,json,on,False,60.0,listener2,accepted_publication,660
81bc63cc2a1d0822,host,json,on,False,60.0,responder,accepted_request,60
81bc63cc2a1d0822,host,json,on,False,60.0,responder,sent_publication,660
81bc63cc2a1d0822,host,json,on,False,60.0,responder,sent_response,60
33395d65527e7608,host,protobuf,on,False,60.0,client,accepted_response,60
33395d65527e7608,host,protobuf,on,False,60.0,client,measurement_start,1
33395d65527e7608,host,protobuf,on,False,60.0,client,sent_request,60
33395d65527e7608,host,protobuf,on,False,60.0,listener1,accepted_publication,660
33395d65527e7608,host,protobuf,on,False,60.0,listener2,accepted_publication,660
33395d65527e7608,host,protobuf,on,False,60.0,responder,accepted_request,60
33395d65527e7608,host,protobuf,on,False,60.0,responder,sent_publication,660
33395d65527e7608,host,protobuf,on,False,60.0,responder,sent_response,60
98e94d2bdfac50f0,host,csv,on,False,60.0,client,accepted_response,60
98e94d2bdfac50f0,host,csv,on,False,60.0,client,measurement_start,1
98e94d2bdfac50f0,host,csv,on,False,60.0,client,sent_request,60
98e94d2bdfac50f0,host,csv,on,False,60.0,listener1,accepted_publication,660
98e94d2bdfac50f0,host,csv,on,False,60.0,listener2,accepted_publication,660
98e94d2bdfac50f0,host,csv,on,False,60.0,responder,accepted_request,59
98e94d2bdfac50f0,host,csv,on,False,60.0,responder,sent_publication,660
98e94d2bdfac50f0,host,csv,on,False,60.0,responder,sent_response,59
580eb0d5e0b22c5a,host,protobuf,off,False,60.0,client,accepted_response,60
580eb0d5e0b22c5a,host,protobuf,off,False,60.0,client,measurement_start,1
580eb0d5e0b22c5a,host,protobuf,off,False,60.0,client,sent_request,60
580eb0d5e0b22c5a,host,protobuf,off,False,60.0,listener1,accepted_publication,660
580eb0d5e0b22c5a,host,protobuf,off,False,60.0,listener2,accepted_publication,660
580eb0d5e0b22c5a,host,protobuf,off,False,60.0,responder,accepted_request,60
580eb0d5e0b22c5a,host,protobuf,off,False,60.0,responder,sent_publication,660
580eb0d5e0b22c5a,host,protobuf,off,False,60.0,responder,sent_response,60
